"","prop","mu","prob","meanN","meanNb"
"1",0.92,0.01,-29.204762640782,3.48366768476924,3.01290178142205
"2",0.93,0.01,-28.7831369127176,3.48448134074769,3.0136054838899
"3",0.94,0.01,-28.3660206371644,3.4852780059468,3.01429449162967
"4",0.95,0.01,-27.9533183732734,3.48605820696548,3.01496926007825
"5",0.96,0.01,-27.5449376784489,3.48682244886804,3.01563022604803
"6",0.97,0.01,-27.1407889840626,3.48757121627365,3.0162778086691
"7",0.98,0.01,-26.7407854775422,3.48830497438032,3.01691241027487
"8",0.99,0.01,-26.3448429904455,3.4890241699279,3.01753441723495
"9",1,0.01,-25.952879892159,3.48972923210449,3.01814420073902
"10",0.92,0.03,-25.0216643234192,3.48366768476924,3.01290178142205
"11",0.93,0.03,-24.6000385953548,3.48448134074769,3.0136054838899
"12",0.94,0.03,-24.1829223198016,3.4852780059468,3.01429449162967
"13",0.95,0.03,-23.7702200559106,3.48605820696548,3.01496926007825
"14",0.96,0.03,-23.3618393610861,3.48682244886804,3.01563022604803
"15",0.97,0.03,-22.9576906666998,3.48757121627365,3.0162778086691
"16",0.98,0.03,-22.5576871601794,3.48830497438032,3.01691241027487
"17",0.99,0.03,-22.1617446730827,3.4890241699279,3.01753441723495
"18",1,0.03,-21.7697815747962,3.48972923210449,3.01814420073902
"19",0.92,0.05,-23.1867307743819,3.48366768476924,3.01290178142205
"20",0.93,0.05,-22.7651050463175,3.48448134074769,3.0136054838899
"21",0.94,0.05,-22.3479887707643,3.4852780059468,3.01429449162967
"22",0.95,0.05,-21.9352865068734,3.48605820696548,3.01496926007825
"23",0.96,0.05,-21.5269058120488,3.48682244886804,3.01563022604803
"24",0.97,0.05,-21.1227571176625,3.48757121627365,3.0162778086691
"25",0.98,0.05,-20.7227536111422,3.48830497438032,3.01691241027487
"26",0.99,0.05,-20.3268111240455,3.4890241699279,3.01753441723495
"27",1,0.05,-19.9348480257589,3.48972923210449,3.01814420073902
"28",0.92,0.07,-22.0463061820753,3.48366768476924,3.01290178142205
"29",0.93,0.07,-21.6246804540109,3.48448134074769,3.0136054838899
"30",0.94,0.07,-21.2075641784578,3.4852780059468,3.01429449162967
"31",0.95,0.07,-20.7948619145668,3.48605820696548,3.01496926007825
"32",0.96,0.07,-20.3864812197423,3.48682244886804,3.01563022604803
"33",0.97,0.07,-19.982332525356,3.48757121627365,3.0162778086691
"34",0.98,0.07,-19.5823290188356,3.48830497438032,3.01691241027487
"35",0.99,0.07,-19.1863865317389,3.4890241699279,3.01753441723495
"36",1,0.07,-18.7944234334524,3.48972923210449,3.01814420073902
"37",0.92,0.09,-21.2436831884458,3.48366768476924,3.01290178142205
"38",0.93,0.09,-20.8220574603814,3.48448134074769,3.0136054838899
"39",0.94,0.09,-20.4049411848282,3.4852780059468,3.01429449162967
"40",0.95,0.09,-19.9922389209373,3.48605820696548,3.01496926007825
"41",0.96,0.09,-19.5838582261127,3.48682244886804,3.01563022604803
"42",0.97,0.09,-19.1797095317264,3.48757121627365,3.0162778086691
"43",0.98,0.09,-18.779706025206,3.48830497438032,3.01691241027487
"44",0.99,0.09,-18.3837635381093,3.4890241699279,3.01753441723495
"45",1,0.09,-17.9918004398228,3.48972923210449,3.01814420073902
"46",0.92,0.11,-20.6408781697339,3.48366768476924,3.01290178142205
"47",0.93,0.11,-20.2192524416695,3.48448134074769,3.0136054838899
"48",0.94,0.11,-19.8021361661163,3.4852780059468,3.01429449162967
"49",0.95,0.11,-19.3894339022254,3.48605820696548,3.01496926007825
"50",0.96,0.11,-18.9810532074009,3.48682244886804,3.01563022604803
"51",0.97,0.11,-18.5769045130146,3.48757121627365,3.0162778086691
"52",0.98,0.11,-18.1769010064942,3.48830497438032,3.01691241027487
"53",0.99,0.11,-17.7809585193975,3.4890241699279,3.01753441723495
"54",1,0.11,-17.3889954211109,3.48972923210449,3.01814420073902
"55",0.92,0.13,-20.1698530935913,3.48366768476924,3.01290178142205
"56",0.93,0.13,-19.7482273655269,3.48448134074769,3.0136054838899
"57",0.94,0.13,-19.3311110899737,3.4852780059468,3.01429449162967
"58",0.95,0.13,-18.9184088260828,3.48605820696548,3.01496926007825
"59",0.96,0.13,-18.5100281312583,3.48682244886804,3.01563022604803
"60",0.97,0.13,-18.105879436872,3.48757121627365,3.0162778086691
"61",0.98,0.13,-17.7058759303516,3.48830497438032,3.01691241027487
"62",0.99,0.13,-17.3099334432549,3.4890241699279,3.01753441723495
"63",1,0.13,-16.9179703449683,3.48972923210449,3.01814420073902
"64",0.92,0.15,-19.7913840362388,3.48366768476924,3.01290178142205
"65",0.93,0.15,-19.3697583081744,3.48448134074769,3.0136054838899
"66",0.94,0.15,-18.9526420326212,3.4852780059468,3.01429449162967
"67",0.95,0.15,-18.5399397687303,3.48605820696548,3.01496926007825
"68",0.96,0.15,-18.1315590739058,3.48682244886804,3.01563022604803
"69",0.97,0.15,-17.7274103795195,3.48757121627365,3.0162778086691
"70",0.98,0.15,-17.3274068729991,3.48830497438032,3.01691241027487
"71",0.99,0.15,-16.9314643859024,3.4890241699279,3.01753441723495
"72",1,0.15,-16.5395012876158,3.48972923210449,3.01814420073902
"73",0.92,0.17,-19.4826552806413,3.48366768476924,3.01290178142205
"74",0.93,0.17,-19.0610295525769,3.48448134074769,3.0136054838899
"75",0.94,0.17,-18.6439132770237,3.4852780059468,3.01429449162967
"76",0.95,0.17,-18.2312110131328,3.48605820696548,3.01496926007825
"77",0.96,0.17,-17.8228303183083,3.48682244886804,3.01563022604803
"78",0.97,0.17,-17.4186816239219,3.48757121627365,3.0162778086691
"79",0.98,0.17,-17.0186781174016,3.48830497438032,3.01691241027487
"80",0.99,0.17,-16.6227356303049,3.4890241699279,3.01753441723495
"81",1,0.17,-16.2307725320183,3.48972923210449,3.01814420073902
"82",0.92,0.19,-19.2271783121445,3.48366768476924,3.01290178142205
"83",0.93,0.19,-18.8055525840801,3.48448134074769,3.0136054838899
"84",0.94,0.19,-18.388436308527,3.4852780059468,3.01429449162967
"85",0.95,0.19,-17.975734044636,3.48605820696548,3.01496926007825
"86",0.96,0.19,-17.5673533498115,3.48682244886804,3.01563022604803
"87",0.97,0.19,-17.1632046554252,3.48757121627365,3.0162778086691
"88",0.98,0.19,-16.7632011489048,3.48830497438032,3.01691241027487
"89",0.99,0.19,-16.3672586618081,3.4890241699279,3.01753441723495
"90",1,0.19,-15.9752955635216,3.48972923210449,3.01814420073902
"91",0.92,0.21,-19.0138337074233,3.48366768476924,3.01290178142205
"92",0.93,0.21,-18.5922079793589,3.48448134074769,3.0136054838899
"93",0.94,0.21,-18.1750917038057,3.4852780059468,3.01429449162967
"94",0.95,0.21,-17.7623894399148,3.48605820696548,3.01496926007825
"95",0.96,0.21,-17.3540087450903,3.48682244886804,3.01563022604803
"96",0.97,0.21,-16.9498600507039,3.48757121627365,3.0162778086691
"97",0.98,0.21,-16.5498565441836,3.48830497438032,3.01691241027487
"98",0.99,0.21,-16.1539140570869,3.4890241699279,3.01753441723495
"99",1,0.21,-15.7619509588003,3.48972923210449,3.01814420073902
"100",0.92,0.23,-18.8345595803881,3.48366768476924,3.01290178142205
"101",0.93,0.23,-18.4129338523237,3.48448134074769,3.0136054838899
"102",0.94,0.23,-17.9958175767705,3.4852780059468,3.01429449162967
"103",0.95,0.23,-17.5831153128795,3.48605820696548,3.01496926007825
"104",0.96,0.23,-17.174734618055,3.48682244886804,3.01563022604803
"105",0.97,0.23,-16.7705859236687,3.48757121627365,3.0162778086691
"106",0.98,0.23,-16.3705824171483,3.48830497438032,3.01691241027487
"107",0.99,0.23,-15.9746399300516,3.4890241699279,3.01753441723495
"108",1,0.23,-15.5826768317651,3.48972923210449,3.01814420073902
"109",0.92,0.25,-18.6833282467158,3.48366768476924,3.01290178142205
"110",0.93,0.25,-18.2617025186514,3.48448134074769,3.0136054838899
"111",0.94,0.25,-17.8445862430982,3.4852780059468,3.01429449162967
"112",0.95,0.25,-17.4318839792072,3.48605820696548,3.01496926007825
"113",0.96,0.25,-17.0235032843827,3.48682244886804,3.01563022604803
"114",0.97,0.25,-16.6193545899964,3.48757121627365,3.0162778086691
"115",0.98,0.25,-16.219351083476,3.48830497438032,3.01691241027487
"116",0.99,0.25,-15.8234085963793,3.4890241699279,3.01753441723495
"117",1,0.25,-15.4314454980928,3.48972923210449,3.01814420073902
"118",0.92,0.27,-18.55551798345,3.48366768476924,3.01290178142205
"119",0.93,0.27,-18.1338922553856,3.48448134074769,3.0136054838899
"120",0.94,0.27,-17.7167759798324,3.4852780059468,3.01429449162967
"121",0.95,0.27,-17.3040737159415,3.48605820696548,3.01496926007825
"122",0.96,0.27,-16.8956930211169,3.48682244886804,3.01563022604803
"123",0.97,0.27,-16.4915443267306,3.48757121627365,3.0162778086691
"124",0.98,0.27,-16.0915408202103,3.48830497438032,3.01691241027487
"125",0.99,0.27,-15.6955983331136,3.4890241699279,3.01753441723495
"126",1,0.27,-15.303635234827,3.48972923210449,3.01814420073902
"127",0.92,0.29,-18.4475098926831,3.48366768476924,3.01290178142205
"128",0.93,0.29,-18.0258841646187,3.48448134074769,3.0136054838899
"129",0.94,0.29,-17.6087678890655,3.4852780059468,3.01429449162967
"130",0.95,0.29,-17.1960656251746,3.48605820696548,3.01496926007825
"131",0.96,0.29,-16.7876849303501,3.48682244886804,3.01563022604803
"132",0.97,0.29,-16.3835362359638,3.48757121627365,3.0162778086691
"133",0.98,0.29,-15.9835327294434,3.48830497438032,3.01691241027487
"134",0.99,0.29,-15.5875902423467,3.4890241699279,3.01753441723495
"135",1,0.29,-15.1956271440601,3.48972923210449,3.01814420073902
"136",0.92,0.31,-18.3564195265762,3.48366768476924,3.01290178142205
"137",0.93,0.31,-17.9347937985118,3.48448134074769,3.0136054838899
"138",0.94,0.31,-17.5176775229586,3.4852780059468,3.01429449162967
"139",0.95,0.31,-17.1049752590677,3.48605820696548,3.01496926007825
"140",0.96,0.31,-16.6965945642432,3.48682244886804,3.01563022604803
"141",0.97,0.31,-16.2924458698569,3.48757121627365,3.0162778086691
"142",0.98,0.31,-15.8924423633365,3.48830497438032,3.01691241027487
"143",0.99,0.31,-15.4964998762398,3.4890241699279,3.01753441723495
"144",1,0.31,-15.1045367779532,3.48972923210449,3.01814420073902
"145",0.92,0.33,-18.2799125922184,3.48366768476924,3.01290178142205
"146",0.93,0.33,-17.858286864154,3.48448134074769,3.0136054838899
"147",0.94,0.33,-17.4411705886008,3.4852780059468,3.01429449162967
"148",0.95,0.33,-17.0284683247099,3.48605820696548,3.01496926007825
"149",0.96,0.33,-16.6200876298854,3.48682244886804,3.01563022604803
"150",0.97,0.33,-16.2159389354991,3.48757121627365,3.0162778086691
"151",0.98,0.33,-15.8159354289787,3.48830497438032,3.01691241027487
"152",0.99,0.33,-15.419992941882,3.4890241699279,3.01753441723495
"153",1,0.33,-15.0280298435954,3.48972923210449,3.01814420073902
"154",0.92,0.35,-18.2161163605552,3.48366768476924,3.01290178142205
"155",0.93,0.35,-17.7944906324908,3.48448134074769,3.0136054838899
"156",0.94,0.35,-17.3773743569376,3.4852780059468,3.01429449162967
"157",0.95,0.35,-16.9646720930467,3.48605820696548,3.01496926007825
"158",0.96,0.35,-16.5562913982221,3.48682244886804,3.01563022604803
"159",0.97,0.35,-16.1521427038358,3.48757121627365,3.0162778086691
"160",0.98,0.35,-15.7521391973154,3.48830497438032,3.01691241027487
"161",0.99,0.35,-15.3561967102187,3.4890241699279,3.01753441723495
"162",1,0.35,-14.9642336119322,3.48972923210449,3.01814420073902
"163",0.92,0.37,-18.1632241108,3.48366768476924,3.01290178142205
"164",0.93,0.37,-17.7415983827356,3.48448134074769,3.0136054838899
"165",0.94,0.37,-17.3244821071824,3.4852780059468,3.01429449162967
"166",0.95,0.37,-16.9117798432915,3.48605820696548,3.01496926007825
"167",0.96,0.37,-16.503399148467,3.48682244886804,3.01563022604803
"168",0.97,0.37,-16.0992504540807,3.48757121627365,3.0162778086691
"169",0.98,0.37,-15.6992469475603,3.48830497438032,3.01691241027487
"170",0.99,0.37,-15.3033044604636,3.4890241699279,3.01753441723495
"171",1,0.37,-14.911341362177,3.48972923210449,3.01814420073902
"172",0.92,0.39,-18.120166367702,3.48366768476924,3.01290178142205
"173",0.93,0.39,-17.6985406396376,3.48448134074769,3.0136054838899
"174",0.94,0.39,-17.2814243640845,3.4852780059468,3.01429449162967
"175",0.95,0.39,-16.8687221001935,3.48605820696548,3.01496926007825
"176",0.96,0.39,-16.460341405369,3.48682244886804,3.01563022604803
"177",0.97,0.39,-16.0561927109827,3.48757121627365,3.0162778086691
"178",0.98,0.39,-15.6561892044623,3.48830497438032,3.01691241027487
"179",0.99,0.39,-15.2602467173656,3.4890241699279,3.01753441723495
"180",1,0.39,-14.8682836190791,3.48972923210449,3.01814420073902
"181",0.92,0.41,-18.0859360202117,3.48366768476924,3.01290178142205
"182",0.93,0.41,-17.6643102921473,3.48448134074769,3.0136054838899
"183",0.94,0.41,-17.2471940165941,3.4852780059468,3.01429449162967
"184",0.95,0.41,-16.8344917527032,3.48605820696548,3.01496926007825
"185",0.96,0.41,-16.4261110578786,3.48682244886804,3.01563022604803
"186",0.97,0.41,-16.0219623634923,3.48757121627365,3.0162778086691
"187",0.98,0.41,-15.621958856972,3.48830497438032,3.01691241027487
"188",0.99,0.41,-15.2260163698752,3.4890241699279,3.01753441723495
"189",1,0.41,-14.8340532715887,3.48972923210449,3.01814420073902
"190",0.92,0.43,-18.0592257223158,3.48366768476924,3.01290178142205
"191",0.93,0.43,-17.6375999942513,3.48448134074769,3.0136054838899
"192",0.94,0.43,-17.2204837186982,3.4852780059468,3.01429449162967
"193",0.95,0.43,-16.8077814548072,3.48605820696548,3.01496926007825
"194",0.96,0.43,-16.3994007599827,3.48682244886804,3.01563022604803
"195",0.97,0.43,-15.9952520655964,3.48757121627365,3.0162778086691
"196",0.98,0.43,-15.595248559076,3.48830497438032,3.01691241027487
"197",0.99,0.43,-15.1993060719793,3.4890241699279,3.01753441723495
"198",1,0.43,-14.8073429736928,3.48972923210449,3.01814420073902
"199",0.92,0.45,-18.0393605132429,3.48366768476924,3.01290178142205
"200",0.93,0.45,-17.6177347851785,3.48448134074769,3.0136054838899
"201",0.94,0.45,-17.2006185096253,3.4852780059468,3.01429449162967
"202",0.95,0.45,-16.7879162457344,3.48605820696548,3.01496926007825
"203",0.96,0.45,-16.3795355509099,3.48682244886804,3.01563022604803
"204",0.97,0.45,-15.9753868565236,3.48757121627365,3.0162778086691
"205",0.98,0.45,-15.5753833500032,3.48830497438032,3.01691241027487
"206",0.99,0.45,-15.1794408629065,3.4890241699279,3.01753441723495
"207",1,0.45,-14.7874777646199,3.48972923210449,3.01814420073902
"208",0.92,0.47,-18.0256295035665,3.48366768476924,3.01290178142205
"209",0.93,0.47,-17.6040037755021,3.48448134074769,3.0136054838899
"210",0.94,0.47,-17.1868874999489,3.4852780059468,3.01429449162967
"211",0.95,0.47,-16.774185236058,3.48605820696548,3.01496926007825
"212",0.96,0.47,-16.3658045412335,3.48682244886804,3.01563022604803
"213",0.97,0.47,-15.9616558468472,3.48757121627365,3.0162778086691
"214",0.98,0.47,-15.5616523403268,3.48830497438032,3.01691241027487
"215",0.99,0.47,-15.1657098532301,3.4890241699279,3.01753441723495
"216",1,0.47,-14.7737467549435,3.48972923210449,3.01814420073902
"217",0.92,0.49,-18.0174149147844,3.48366768476924,3.01290178142205
"218",0.93,0.49,-17.59578918672,3.48448134074769,3.0136054838899
"219",0.94,0.49,-17.1786729111668,3.4852780059468,3.01429449162967
"220",0.95,0.49,-16.7659706472759,3.48605820696548,3.01496926007825
"221",0.96,0.49,-16.3575899524513,3.48682244886804,3.01563022604803
"222",0.97,0.49,-15.953441258065,3.48757121627365,3.0162778086691
"223",0.98,0.49,-15.5534377515447,3.48830497438032,3.01691241027487
"224",0.99,0.49,-15.157495264448,3.4890241699279,3.01753441723495
"225",1,0.49,-14.7655321661614,3.48972923210449,3.01814420073902
"226",0.92,0.51,-18.0141770215812,3.48366768476924,3.01290178142205
"227",0.93,0.51,-17.5925512935168,3.48448134074769,3.0136054838899
"228",0.94,0.51,-17.1754350179637,3.4852780059468,3.01429449162967
"229",0.95,0.51,-16.7627327540727,3.48605820696548,3.01496926007825
"230",0.96,0.51,-16.3543520592482,3.48682244886804,3.01563022604803
"231",0.97,0.51,-15.9502033648619,3.48757121627365,3.0162778086691
"232",0.98,0.51,-15.5501998583415,3.48830497438032,3.01691241027487
"233",0.99,0.51,-15.1542573712448,3.4890241699279,3.01753441723495
"234",1,0.51,-14.7622942729582,3.48972923210449,3.01814420073902
"235",0.92,0.53,-18.0154419971721,3.48366768476924,3.01290178142205
"236",0.93,0.53,-17.5938162691077,3.48448134074769,3.0136054838899
"237",0.94,0.53,-17.1766999935545,3.4852780059468,3.01429449162967
"238",0.95,0.53,-16.7639977296636,3.48605820696548,3.01496926007825
"239",0.96,0.53,-16.355617034839,3.48682244886804,3.01563022604803
"240",0.97,0.53,-15.9514683404527,3.48757121627365,3.0162778086691
"241",0.98,0.53,-15.5514648339323,3.48830497438032,3.01691241027487
"242",0.99,0.53,-15.1555223468356,3.4890241699279,3.01753441723495
"243",1,0.53,-14.7635592485491,3.48972923210449,3.01814420073902
"244",0.92,0.55,-18.0207920155757,3.48366768476924,3.01290178142205
"245",0.93,0.55,-17.5991662875113,3.48448134074769,3.0136054838899
"246",0.94,0.55,-17.1820500119582,3.4852780059468,3.01429449162967
"247",0.95,0.55,-16.7693477480672,3.48605820696548,3.01496926007825
"248",0.96,0.55,-16.3609670532427,3.48682244886804,3.01563022604803
"249",0.97,0.55,-15.9568183588564,3.48757121627365,3.0162778086691
"250",0.98,0.55,-15.556814852336,3.48830497438032,3.01691241027487
"251",0.99,0.55,-15.1608723652393,3.4890241699279,3.01753441723495
"252",1,0.55,-14.7689092669527,3.48972923210449,3.01814420073902
"253",0.92,0.57,-18.0298571263445,3.48366768476924,3.01290178142205
"254",0.93,0.57,-17.6082313982801,3.48448134074769,3.0136054838899
"255",0.94,0.57,-17.1911151227269,3.4852780059468,3.01429449162967
"256",0.95,0.57,-16.778412858836,3.48605820696548,3.01496926007825
"257",0.96,0.57,-16.3700321640115,3.48682244886804,3.01563022604803
"258",0.97,0.57,-15.9658834696252,3.48757121627365,3.0162778086691
"259",0.98,0.57,-15.5658799631048,3.48830497438032,3.01691241027487
"260",0.99,0.57,-15.1699374760081,3.4890241699279,3.01753441723495
"261",1,0.57,-14.7779743777215,3.48972923210449,3.01814420073902
"262",0.92,0.59,-18.0423085343063,3.48366768476924,3.01290178142205
"263",0.93,0.59,-17.6206828062419,3.48448134074769,3.0136054838899
"264",0.94,0.59,-17.2035665306887,3.4852780059468,3.01429449162967
"265",0.95,0.59,-16.7908642667978,3.48605820696548,3.01496926007825
"266",0.96,0.59,-16.3824835719732,3.48682244886804,3.01563022604803
"267",0.97,0.59,-15.9783348775869,3.48757121627365,3.0162778086691
"268",0.98,0.59,-15.5783313710666,3.48830497438032,3.01691241027487
"269",0.99,0.59,-15.1823888839699,3.4890241699279,3.01753441723495
"270",1,0.59,-14.7904257856833,3.48972923210449,3.01814420073902
"271",0.92,0.61,-18.057853002668,3.48366768476924,3.01290178142205
"272",0.93,0.61,-17.6362272746036,3.48448134074769,3.0136054838899
"273",0.94,0.61,-17.2191109990504,3.4852780059468,3.01429449162967
"274",0.95,0.61,-16.8064087351595,3.48605820696548,3.01496926007825
"275",0.96,0.61,-16.3980280403349,3.48682244886804,3.01563022604803
"276",0.97,0.61,-15.9938793459486,3.48757121627365,3.0162778086691
"277",0.98,0.61,-15.5938758394283,3.48830497438032,3.01691241027487
"278",0.99,0.61,-15.1979333523316,3.4890241699279,3.01753441723495
"279",1,0.61,-14.805970254045,3.48972923210449,3.01814420073902
"280",0.92,0.63,-18.0762281614662,3.48366768476924,3.01290178142205
"281",0.93,0.63,-17.6546024334018,3.48448134074769,3.0136054838899
"282",0.94,0.63,-17.2374861578486,3.4852780059468,3.01429449162967
"283",0.95,0.63,-16.8247838939577,3.48605820696548,3.01496926007825
"284",0.96,0.63,-16.4164031991332,3.48682244886804,3.01563022604803
"285",0.97,0.63,-16.0122545047469,3.48757121627365,3.0162778086691
"286",0.98,0.63,-15.6122509982265,3.48830497438032,3.01691241027487
"287",0.99,0.63,-15.2163085111298,3.4890241699279,3.01753441723495
"288",1,0.63,-14.8243454128432,3.48972923210449,3.01814420073902
"289",0.92,0.65,-18.0971985510738,3.48366768476924,3.01290178142205
"290",0.93,0.65,-17.6755728230093,3.48448134074769,3.0136054838899
"291",0.94,0.65,-17.2584565474562,3.4852780059468,3.01429449162967
"292",0.95,0.65,-16.8457542835652,3.48605820696548,3.01496926007825
"293",0.96,0.65,-16.4373735887407,3.48682244886804,3.01563022604803
"294",0.97,0.65,-16.0332248943544,3.48757121627365,3.0162778086691
"295",0.98,0.65,-15.633221387834,3.48830497438032,3.01691241027487
"296",0.99,0.65,-15.2372789007373,3.4890241699279,3.01753441723495
"297",1,0.65,-14.8453158024508,3.48972923210449,3.01814420073902
"298",0.92,0.67,-18.1205522666254,3.48366768476924,3.01290178142205
"299",0.93,0.67,-17.698926538561,3.48448134074769,3.0136054838899
"300",0.94,0.67,-17.2818102630078,3.4852780059468,3.01429449162967
"301",0.95,0.67,-16.8691079991169,3.48605820696548,3.01496926007825
"302",0.96,0.67,-16.4607273042924,3.48682244886804,3.01563022604803
"303",0.97,0.67,-16.0565786099061,3.48757121627365,3.0162778086691
"304",0.98,0.67,-15.6565751033857,3.48830497438032,3.01691241027487
"305",0.99,0.67,-15.260632616289,3.4890241699279,3.01753441723495
"306",1,0.67,-14.8686695180024,3.48972923210449,3.01814420073902
"307",0.92,0.69,-18.1460980968872,3.48366768476924,3.01290178142205
"308",0.93,0.69,-17.7244723688228,3.48448134074769,3.0136054838899
"309",0.94,0.69,-17.3073560932696,3.4852780059468,3.01429449162967
"310",0.95,0.69,-16.8946538293787,3.48605820696548,3.01496926007825
"311",0.96,0.69,-16.4862731345542,3.48682244886804,3.01563022604803
"312",0.97,0.69,-16.0821244401679,3.48757121627365,3.0162778086691
"313",0.98,0.69,-15.6821209336475,3.48830497438032,3.01691241027487
"314",0.99,0.69,-15.2861784465508,3.4890241699279,3.01753441723495
"315",1,0.69,-14.8942153482642,3.48972923210449,3.01814420073902
"316",0.92,0.71,-18.1736630724444,3.48366768476924,3.01290178142205
"317",0.93,0.71,-17.75203734438,3.48448134074769,3.0136054838899
"318",0.94,0.71,-17.3349210688268,3.4852780059468,3.01429449162967
"319",0.95,0.71,-16.9222188049359,3.48605820696548,3.01496926007825
"320",0.96,0.71,-16.5138381101114,3.48682244886804,3.01563022604803
"321",0.97,0.71,-16.1096894157251,3.48757121627365,3.0162778086691
"322",0.98,0.71,-15.7096859092047,3.48830497438032,3.01691241027487
"323",0.99,0.71,-15.313743422108,3.4890241699279,3.01753441723495
"324",1,0.71,-14.9217803238214,3.48972923210449,3.01814420073902
"325",0.92,0.73,-18.2030903547176,3.48366768476924,3.01290178142205
"326",0.93,0.73,-17.7814646266532,3.48448134074769,3.0136054838899
"327",0.94,0.73,-17.3643483511,3.4852780059468,3.01429449162967
"328",0.95,0.73,-16.951646087209,3.48605820696548,3.01496926007825
"329",0.96,0.73,-16.5432653923845,3.48682244886804,3.01563022604803
"330",0.97,0.73,-16.1391166979982,3.48757121627365,3.0162778086691
"331",0.98,0.73,-15.7391131914778,3.48830497438032,3.01691241027487
"332",0.99,0.73,-15.3431707043811,3.4890241699279,3.01753441723495
"333",1,0.73,-14.9512076060946,3.48972923210449,3.01814420073902
"334",0.92,0.75,-18.2342374103788,3.48366768476924,3.01290178142205
"335",0.93,0.75,-17.8126116823144,3.48448134074769,3.0136054838899
"336",0.94,0.75,-17.3954954067613,3.4852780059468,3.01429449162967
"337",0.95,0.75,-16.9827931428703,3.48605820696548,3.01496926007825
"338",0.96,0.75,-16.5744124480458,3.48682244886804,3.01563022604803
"339",0.97,0.75,-16.1702637536595,3.48757121627365,3.0162778086691
"340",0.98,0.75,-15.7702602471391,3.48830497438032,3.01691241027487
"341",0.99,0.75,-15.3743177600424,3.4890241699279,3.01753441723495
"342",1,0.75,-14.9823546617559,3.48972923210449,3.01814420073902
"343",0.92,0.77,-18.2669744260906,3.48366768476924,3.01290178142205
"344",0.93,0.77,-17.8453486980262,3.48448134074769,3.0136054838899
"345",0.94,0.77,-17.4282324224731,3.4852780059468,3.01429449162967
"346",0.95,0.77,-17.0155301585821,3.48605820696548,3.01496926007825
"347",0.96,0.77,-16.6071494637576,3.48682244886804,3.01563022604803
"348",0.97,0.77,-16.2030007693713,3.48757121627365,3.0162778086691
"349",0.98,0.77,-15.8029972628509,3.48830497438032,3.01691241027487
"350",0.99,0.77,-15.4070547757542,3.4890241699279,3.01753441723495
"351",1,0.77,-15.0150916774677,3.48972923210449,3.01814420073902
"352",0.92,0.79,-18.3012472959442,3.48366768476924,3.01290178142205
"353",0.93,0.79,-17.8796215678798,3.48448134074769,3.0136054838899
"354",0.94,0.79,-17.4625052923266,3.4852780059468,3.01429449162967
"355",0.95,0.79,-17.0498030284357,3.48605820696548,3.01496926007825
"356",0.96,0.79,-16.6414223336112,3.48682244886804,3.01563022604803
"357",0.97,0.79,-16.2372736392248,3.48757121627365,3.0162778086691
"358",0.98,0.79,-15.8372701327045,3.48830497438032,3.01691241027487
"359",0.99,0.79,-15.4413276456078,3.4890241699279,3.01753441723495
"360",1,0.79,-15.0493645473212,3.48972923210449,3.01814420073902
"361",0.92,0.81,-18.3368382519318,3.48366768476924,3.01290178142205
"362",0.93,0.81,-17.9152125238674,3.48448134074769,3.0136054838899
"363",0.94,0.81,-17.4980962483142,3.4852780059468,3.01429449162967
"364",0.95,0.81,-17.0853939844232,3.48605820696548,3.01496926007825
"365",0.96,0.81,-16.6770132895987,3.48682244886804,3.01563022604803
"366",0.97,0.81,-16.2728645952124,3.48757121627365,3.0162778086691
"367",0.98,0.81,-15.872861088692,3.48830497438032,3.01691241027487
"368",0.99,0.81,-15.4769186015953,3.4890241699279,3.01753441723495
"369",1,0.81,-15.0849555033088,3.48972923210449,3.01814420073902
"370",0.92,0.83,-18.3736980540814,3.48366768476924,3.01290178142205
"371",0.93,0.83,-17.952072326017,3.48448134074769,3.0136054838899
"372",0.94,0.83,-17.5349560504638,3.4852780059468,3.01429449162967
"373",0.95,0.83,-17.1222537865729,3.48605820696548,3.01496926007825
"374",0.96,0.83,-16.7138730917484,3.48682244886804,3.01563022604803
"375",0.97,0.83,-16.309724397362,3.48757121627365,3.0162778086691
"376",0.98,0.83,-15.9097208908417,3.48830497438032,3.01691241027487
"377",0.99,0.83,-15.513778403745,3.4890241699279,3.01753441723495
"378",1,0.83,-15.1218153054584,3.48972923210449,3.01814420073902
"379",0.92,0.85,-18.4117366033942,3.48366768476924,3.01290178142205
"380",0.93,0.85,-17.9901108753298,3.48448134074769,3.0136054838899
"381",0.94,0.85,-17.5729945997766,3.4852780059468,3.01429449162967
"382",0.95,0.85,-17.1602923358857,3.48605820696548,3.01496926007825
"383",0.96,0.85,-16.7519116410611,3.48682244886804,3.01563022604803
"384",0.97,0.85,-16.3477629466748,3.48757121627365,3.0162778086691
"385",0.98,0.85,-15.9477594401544,3.48830497438032,3.01691241027487
"386",0.99,0.85,-15.5518169530577,3.4890241699279,3.01753441723495
"387",1,0.85,-15.1598538547712,3.48972923210449,3.01814420073902
"388",0.92,0.87,-18.4505875008933,3.48366768476924,3.01290178142205
"389",0.93,0.87,-18.0289617728289,3.48448134074769,3.0136054838899
"390",0.94,0.87,-17.6118454972758,3.4852780059468,3.01429449162967
"391",0.95,0.87,-17.1991432333848,3.48605820696548,3.01496926007825
"392",0.96,0.87,-16.7907625385603,3.48682244886804,3.01563022604803
"393",0.97,0.87,-16.386613844174,3.48757121627365,3.0162778086691
"394",0.98,0.87,-15.9866103376536,3.48830497438032,3.01691241027487
"395",0.99,0.87,-15.5906678505569,3.4890241699279,3.01753441723495
"396",1,0.87,-15.1987047522704,3.48972923210449,3.01814420073902
"397",0.92,0.89,-18.4908419517609,3.48366768476924,3.01290178142205
"398",0.93,0.89,-18.0692162236965,3.48448134074769,3.0136054838899
"399",0.94,0.89,-17.6520999481433,3.4852780059468,3.01429449162967
"400",0.95,0.89,-17.2393976842524,3.48605820696548,3.01496926007825
"401",0.96,0.89,-16.8310169894279,3.48682244886804,3.01563022604803
"402",0.97,0.89,-16.4268682950415,3.48757121627365,3.0162778086691
"403",0.98,0.89,-16.0268647885212,3.48830497438032,3.01691241027487
"404",0.99,0.89,-15.6309223014245,3.4890241699279,3.01753441723495
"405",1,0.89,-15.2389592031379,3.48972923210449,3.01814420073902
"406",0.92,0.91,-18.5320621424921,3.48366768476924,3.01290178142205
"407",0.93,0.91,-18.1104364144277,3.48448134074769,3.0136054838899
"408",0.94,0.91,-17.6933201388745,3.4852780059468,3.01429449162967
"409",0.95,0.91,-17.2806178749835,3.48605820696548,3.01496926007825
"410",0.96,0.91,-16.872237180159,3.48682244886804,3.01563022604803
"411",0.97,0.91,-16.4680884857727,3.48757121627365,3.0162778086691
"412",0.98,0.91,-16.0680849792523,3.48830497438032,3.01691241027487
"413",0.99,0.91,-15.6721424921556,3.4890241699279,3.01753441723495
"414",1,0.91,-15.2801793938691,3.48972923210449,3.01814420073902
"415",0.92,0.93,-18.5741230759839,3.48366768476924,3.01290178142205
"416",0.93,0.93,-18.1524973479195,3.48448134074769,3.0136054838899
"417",0.94,0.93,-17.7353810723663,3.4852780059468,3.01429449162967
"418",0.95,0.93,-17.3226788084754,3.48605820696548,3.01496926007825
"419",0.96,0.93,-16.9142981136509,3.48682244886804,3.01563022604803
"420",0.97,0.93,-16.5101494192646,3.48757121627365,3.0162778086691
"421",0.98,0.93,-16.1101459127442,3.48830497438032,3.01691241027487
"422",0.99,0.93,-15.7142034256475,3.4890241699279,3.01753441723495
"423",1,0.93,-15.3222403273609,3.48972923210449,3.01814420073902
"424",0.92,0.95,-18.6169416704029,3.48366768476924,3.01290178142205
"425",0.93,0.95,-18.1953159423385,3.48448134074769,3.0136054838899
"426",0.94,0.95,-17.7781996667853,3.4852780059468,3.01429449162967
"427",0.95,0.95,-17.3654974028944,3.48605820696548,3.01496926007825
"428",0.96,0.95,-16.9571167080698,3.48682244886804,3.01563022604803
"429",0.97,0.95,-16.5529680136835,3.48757121627365,3.0162778086691
"430",0.98,0.95,-16.1529645071631,3.48830497438032,3.01691241027487
"431",0.99,0.95,-15.7570220200664,3.4890241699279,3.01753441723495
"432",1,0.95,-15.3650589217799,3.48972923210449,3.01814420073902
"433",0.92,0.97,-18.6605326812947,3.48366768476924,3.01290178142205
"434",0.93,0.97,-18.2389069532303,3.48448134074769,3.0136054838899
"435",0.94,0.97,-17.8217906776771,3.4852780059468,3.01429449162967
"436",0.95,0.97,-17.4090884137862,3.48605820696548,3.01496926007825
"437",0.96,0.97,-17.0007077189617,3.48682244886804,3.01563022604803
"438",0.97,0.97,-16.5965590245753,3.48757121627365,3.0162778086691
"439",0.98,0.97,-16.196555518055,3.48830497438032,3.01691241027487
"440",0.99,0.97,-15.8006130309583,3.4890241699279,3.01753441723495
"441",1,0.97,-15.4086499326717,3.48972923210449,3.01814420073902
"442",0.92,0.99,-18.7048456804621,3.48366768476924,3.01290178142205
"443",0.93,0.99,-18.2832199523977,3.48448134074769,3.0136054838899
"444",0.94,0.99,-17.8661036768446,3.4852780059468,3.01429449162967
"445",0.95,0.99,-17.4534014129536,3.48605820696548,3.01496926007825
"446",0.96,0.99,-17.0450207181291,3.48682244886804,3.01563022604803
"447",0.97,0.99,-16.6408720237428,3.48757121627365,3.0162778086691
"448",0.98,0.99,-16.2408685172224,3.48830497438032,3.01691241027487
"449",0.99,0.99,-15.8449260301257,3.4890241699279,3.01753441723495
"450",1,0.99,-15.4529629318392,3.48972923210449,3.01814420073902
"451",0.92,1.01,-18.7498340581092,3.48366768476924,3.01290178142205
"452",0.93,1.01,-18.3282083300448,3.48448134074769,3.0136054838899
"453",0.94,1.01,-17.9110920544916,3.4852780059468,3.01429449162967
"454",0.95,1.01,-17.4983897906006,3.48605820696548,3.01496926007825
"455",0.96,1.01,-17.0900090957761,3.48682244886804,3.01563022604803
"456",0.97,1.01,-16.6858604013898,3.48757121627365,3.0162778086691
"457",0.98,1.01,-16.2858568948694,3.48830497438032,3.01691241027487
"458",0.99,1.01,-15.8899144077727,3.4890241699279,3.01753441723495
"459",1,1.01,-15.4979513094862,3.48972923210449,3.01814420073902
"460",0.92,1.03,-18.7954546964666,3.48366768476924,3.01290178142205
"461",0.93,1.03,-18.3738289684022,3.48448134074769,3.0136054838899
"462",0.94,1.03,-17.956712692849,3.4852780059468,3.01429449162967
"463",0.95,1.03,-17.5440104289581,3.48605820696548,3.01496926007825
"464",0.96,1.03,-17.1356297341335,3.48682244886804,3.01563022604803
"465",0.97,1.03,-16.7314810397472,3.48757121627365,3.0162778086691
"466",0.98,1.03,-16.3314775332269,3.48830497438032,3.01691241027487
"467",0.99,1.03,-15.9355350461301,3.4890241699279,3.01753441723495
"468",1,1.03,-15.5435719478436,3.48972923210449,3.01814420073902
"469",0.92,1.05,-18.8416676757216,3.48366768476924,3.01290178142205
"470",0.93,1.05,-18.4200419476572,3.48448134074769,3.0136054838899
"471",0.94,1.05,-18.002925672104,3.4852780059468,3.01429449162967
"472",0.95,1.05,-17.590223408213,3.48605820696548,3.01496926007825
"473",0.96,1.05,-17.1818427133885,3.48682244886804,3.01563022604803
"474",0.97,1.05,-16.7776940190022,3.48757121627365,3.0162778086691
"475",0.98,1.05,-16.3776905124818,3.48830497438032,3.01691241027487
"476",0.99,1.05,-15.9817480253851,3.4890241699279,3.01753441723495
"477",1,1.05,-15.5897849270986,3.48972923210449,3.01814420073902
"478",0.92,1.07,-18.888436008558,3.48366768476924,3.01290178142205
"479",0.93,1.07,-18.4668102804936,3.48448134074769,3.0136054838899
"480",0.94,1.07,-18.0496940049404,3.4852780059468,3.01429449162967
"481",0.95,1.07,-17.6369917410495,3.48605820696548,3.01496926007825
"482",0.96,1.07,-17.228611046225,3.48682244886804,3.01563022604803
"483",0.97,1.07,-16.8244623518387,3.48757121627365,3.0162778086691
"484",0.98,1.07,-16.4244588453183,3.48830497438032,3.01691241027487
"485",0.99,1.07,-16.0285163582216,3.4890241699279,3.01753441723495
"486",1,1.07,-15.636553259935,3.48972923210449,3.01814420073902
"487",0.92,1.09,-18.935725400096,3.48366768476924,3.01290178142205
"488",0.93,1.09,-18.5140996720316,3.48448134074769,3.0136054838899
"489",0.94,1.09,-18.0969833964784,3.4852780059468,3.01429449162967
"490",0.95,1.09,-17.6842811325875,3.48605820696548,3.01496926007825
"491",0.96,1.09,-17.2759004377629,3.48682244886804,3.01563022604803
"492",0.97,1.09,-16.8717517433766,3.48757121627365,3.0162778086691
"493",0.98,1.09,-16.4717482368562,3.48830497438032,3.01691241027487
"494",0.99,1.09,-16.0758057497595,3.4890241699279,3.01753441723495
"495",1,1.09,-15.683842651473,3.48972923210449,3.01814420073902
"496",0.92,1.11,-18.9835040304279,3.48366768476924,3.01290178142205
"497",0.93,1.11,-18.5618783023635,3.48448134074769,3.0136054838899
"498",0.94,1.11,-18.1447620268103,3.4852780059468,3.01429449162967
"499",0.95,1.11,-17.7320597629193,3.48605820696548,3.01496926007825
"500",0.96,1.11,-17.3236790680948,3.48682244886804,3.01563022604803
"501",0.97,1.11,-16.9195303737085,3.48757121627365,3.0162778086691
"502",0.98,1.11,-16.5195268671881,3.48830497438032,3.01691241027487
"503",0.99,1.11,-16.1235843800914,3.4890241699279,3.01753441723495
"504",1,1.11,-15.7316212818049,3.48972923210449,3.01814420073902
"505",0.92,1.13,-19.0317423573015,3.48366768476924,3.01290178142205
"506",0.93,1.13,-18.6101166292371,3.48448134074769,3.0136054838899
"507",0.94,1.13,-18.193000353684,3.4852780059468,3.01429449162967
"508",0.95,1.13,-17.780298089793,3.48605820696548,3.01496926007825
"509",0.96,1.13,-17.3719173949685,3.48682244886804,3.01563022604803
"510",0.97,1.13,-16.9677687005822,3.48757121627365,3.0162778086691
"511",0.98,1.13,-16.5677651940618,3.48830497438032,3.01691241027487
"512",0.99,1.13,-16.1718227069651,3.4890241699279,3.01753441723495
"513",1,1.13,-15.7798596086786,3.48972923210449,3.01814420073902
"514",0.92,1.15,-19.080412936802,3.48366768476924,3.01290178142205
"515",0.93,1.15,-18.6587872087376,3.48448134074769,3.0136054838899
"516",0.94,1.15,-18.2416709331844,3.4852780059468,3.01429449162967
"517",0.95,1.15,-17.8289686692934,3.48605820696548,3.01496926007825
"518",0.96,1.15,-17.4205879744689,3.48682244886804,3.01563022604803
"519",0.97,1.15,-17.0164392800826,3.48757121627365,3.0162778086691
"520",0.98,1.15,-16.6164357735622,3.48830497438032,3.01691241027487
"521",0.99,1.15,-16.2204932864655,3.4890241699279,3.01753441723495
"522",1,1.15,-15.828530188179,3.48972923210449,3.01814420073902
"523",0.92,1.17,-19.1294902601439,3.48366768476924,3.01290178142205
"524",0.93,1.17,-18.7078645320795,3.48448134074769,3.0136054838899
"525",0.94,1.17,-18.2907482565263,3.4852780059468,3.01429449162967
"526",0.95,1.17,-17.8780459926354,3.48605820696548,3.01496926007825
"527",0.96,1.17,-17.4696652978109,3.48682244886804,3.01563022604803
"528",0.97,1.17,-17.0655166034246,3.48757121627365,3.0162778086691
"529",0.98,1.17,-16.6655130969042,3.48830497438032,3.01691241027487
"530",0.99,1.17,-16.2695706098075,3.4890241699279,3.01753441723495
"531",1,1.17,-15.8776075115209,3.48972923210449,3.01814420073902
"532",0.92,1.19,-19.1789506049134,3.48366768476924,3.01290178142205
"533",0.93,1.19,-18.757324876849,3.48448134074769,3.0136054838899
"534",0.94,1.19,-18.3402086012958,3.4852780059468,3.01429449162967
"535",0.95,1.19,-17.9275063374049,3.48605820696548,3.01496926007825
"536",0.96,1.19,-17.5191256425804,3.48682244886804,3.01563022604803
"537",0.97,1.19,-17.1149769481941,3.48757121627365,3.0162778086691
"538",0.98,1.19,-16.7149734416737,3.48830497438032,3.01691241027487
"539",0.99,1.19,-16.319030954577,3.4890241699279,3.01753441723495
"540",1,1.19,-15.9270678562904,3.48972923210449,3.01814420073902
"541",0.92,1.21,-19.22877189929,3.48366768476924,3.01290178142205
"542",0.93,1.21,-18.8071461712256,3.48448134074769,3.0136054838899
"543",0.94,1.21,-18.3900298956725,3.4852780059468,3.01429449162967
"544",0.95,1.21,-17.9773276317815,3.48605820696548,3.01496926007825
"545",0.96,1.21,-17.568946936957,3.48682244886804,3.01563022604803
"546",0.97,1.21,-17.1647982425707,3.48757121627365,3.0162778086691
"547",0.98,1.21,-16.7647947360503,3.48830497438032,3.01691241027487
"548",0.99,1.21,-16.3688522489536,3.4890241699279,3.01753441723495
"549",1,1.21,-15.9768891506671,3.48972923210449,3.01814420073902
"550",0.92,1.23,-19.2789335979522,3.48366768476924,3.01290178142205
"551",0.93,1.23,-18.8573078698878,3.48448134074769,3.0136054838899
"552",0.94,1.23,-18.4401915943346,3.4852780059468,3.01429449162967
"553",0.95,1.23,-18.0274893304437,3.48605820696548,3.01496926007825
"554",0.96,1.23,-17.6191086356192,3.48682244886804,3.01563022604803
"555",0.97,1.23,-17.2149599412328,3.48757121627365,3.0162778086691
"556",0.98,1.23,-16.8149564347125,3.48830497438032,3.01691241027487
"557",0.99,1.23,-16.4190139476158,3.4890241699279,3.01753441723495
"558",1,1.23,-16.0270508493292,3.48972923210449,3.01814420073902
"559",0.92,1.25,-19.3294165685146,3.48366768476924,3.01290178142205
"560",0.93,1.25,-18.9077908404502,3.48448134074769,3.0136054838899
"561",0.94,1.25,-18.490674564897,3.4852780059468,3.01429449162967
"562",0.95,1.25,-18.077972301006,3.48605820696548,3.01496926007825
"563",0.96,1.25,-17.6695916061815,3.48682244886804,3.01563022604803
"564",0.97,1.25,-17.2654429117952,3.48757121627365,3.0162778086691
"565",0.98,1.25,-16.8654394052748,3.48830497438032,3.01691241027487
"566",0.99,1.25,-16.4694969181781,3.4890241699279,3.01753441723495
"567",1,1.25,-16.0775338198916,3.48972923210449,3.01814420073902
"568",0.92,1.27,-19.380202987476,3.48366768476924,3.01290178142205
"569",0.93,1.27,-18.9585772594116,3.48448134074769,3.0136054838899
"570",0.94,1.27,-18.5414609838584,3.4852780059468,3.01429449162967
"571",0.95,1.27,-18.1287587199675,3.48605820696548,3.01496926007825
"572",0.96,1.27,-17.720378025143,3.48682244886804,3.01563022604803
"573",0.97,1.27,-17.3162293307566,3.48757121627365,3.0162778086691
"574",0.98,1.27,-16.9162258242363,3.48830497438032,3.01691241027487
"575",0.99,1.27,-16.5202833371396,3.4890241699279,3.01753441723495
"576",1,1.27,-16.128320238853,3.48972923210449,3.01814420073902
"577",0.92,1.29,-19.431276244768,3.48366768476924,3.01290178142205
"578",0.93,1.29,-19.0096505167036,3.48448134074769,3.0136054838899
"579",0.94,1.29,-18.5925342411504,3.4852780059468,3.01429449162967
"580",0.95,1.29,-18.1798319772595,3.48605820696548,3.01496926007825
"581",0.96,1.29,-17.771451282435,3.48682244886804,3.01563022604803
"582",0.97,1.29,-17.3673025880487,3.48757121627365,3.0162778086691
"583",0.98,1.29,-16.9672990815283,3.48830497438032,3.01691241027487
"584",0.99,1.29,-16.5713565944316,3.4890241699279,3.01753441723495
"585",1,1.29,-16.179393496145,3.48972923210449,3.01814420073902
"586",0.92,1.31,-19.4826208560936,3.48366768476924,3.01290178142205
"587",0.93,1.31,-19.0609951280292,3.48448134074769,3.0136054838899
"588",0.94,1.31,-18.643878852476,3.4852780059468,3.01429449162967
"589",0.95,1.31,-18.2311765885851,3.48605820696548,3.01496926007825
"590",0.96,1.31,-17.8227958937605,3.48682244886804,3.01563022604803
"591",0.97,1.31,-17.4186471993742,3.48757121627365,3.0162778086691
"592",0.98,1.31,-17.0186436928539,3.48830497438032,3.01691241027487
"593",0.99,1.31,-16.6227012057572,3.4890241699279,3.01753441723495
"594",1,1.31,-16.2307381074706,3.48972923210449,3.01814420073902
"595",0.92,1.33,-19.5342223823319,3.48366768476924,3.01290178142205
"596",0.93,1.33,-19.1125966542675,3.48448134074769,3.0136054838899
"597",0.94,1.33,-18.6954803787143,3.4852780059468,3.01429449162967
"598",0.95,1.33,-18.2827781148234,3.48605820696548,3.01496926007825
"599",0.96,1.33,-17.8743974199988,3.48682244886804,3.01563022604803
"600",0.97,1.33,-17.4702487256125,3.48757121627365,3.0162778086691
"601",0.98,1.33,-17.0702452190922,3.48830497438032,3.01691241027487
"602",0.99,1.33,-16.6743027319954,3.4890241699279,3.01753441723495
"603",1,1.33,-16.2823396337089,3.48972923210449,3.01814420073902
"604",0.92,1.35,-19.5860673553614,3.48366768476924,3.01290178142205
"605",0.93,1.35,-19.164441627297,3.48448134074769,3.0136054838899
"606",0.94,1.35,-18.7473253517439,3.4852780059468,3.01429449162967
"607",0.95,1.35,-18.3346230878529,3.48605820696548,3.01496926007825
"608",0.96,1.35,-17.9262423930284,3.48682244886804,3.01563022604803
"609",0.97,1.35,-17.5220936986421,3.48757121627365,3.0162778086691
"610",0.98,1.35,-17.1220901921217,3.48830497438032,3.01691241027487
"611",0.99,1.35,-16.726147705025,3.4890241699279,3.01753441723495
"612",1,1.35,-16.3341846067384,3.48972923210449,3.01814420073902
"613",0.92,1.37,-19.638143209721,3.48366768476924,3.01290178142205
"614",0.93,1.37,-19.2165174816566,3.48448134074769,3.0136054838899
"615",0.94,1.37,-18.7994012061035,3.4852780059468,3.01429449162967
"616",0.95,1.37,-18.3866989422125,3.48605820696548,3.01496926007825
"617",0.96,1.37,-17.978318247388,3.48682244886804,3.01563022604803
"618",0.97,1.37,-17.5741695530017,3.48757121627365,3.0162778086691
"619",0.98,1.37,-17.1741660464813,3.48830497438032,3.01691241027487
"620",0.99,1.37,-16.7782235593846,3.4890241699279,3.01753441723495
"621",1,1.37,-16.3862604610981,3.48972923210449,3.01814420073902
"622",0.92,1.39,-19.6904382195876,3.48366768476924,3.01290178142205
"623",0.93,1.39,-19.2688124915231,3.48448134074769,3.0136054838899
"624",0.94,1.39,-18.85169621597,3.4852780059468,3.01429449162967
"625",0.95,1.39,-18.438993952079,3.48605820696548,3.01496926007825
"626",0.96,1.39,-18.0306132572545,3.48682244886804,3.01563022604803
"627",0.97,1.39,-17.6264645628682,3.48757121627365,3.0162778086691
"628",0.98,1.39,-17.2264610563478,3.48830497438032,3.01691241027487
"629",0.99,1.39,-16.8305185692511,3.4890241699279,3.01753441723495
"630",1,1.39,-16.4385554709646,3.48972923210449,3.01814420073902
"631",0.92,1.41,-19.7429414406021,3.48366768476924,3.01290178142205
"632",0.93,1.41,-19.3213157125376,3.48448134074769,3.0136054838899
"633",0.94,1.41,-18.9041994369845,3.4852780059468,3.01429449162967
"634",0.95,1.41,-18.4914971730935,3.48605820696548,3.01496926007825
"635",0.96,1.41,-18.083116478269,3.48682244886804,3.01563022604803
"636",0.97,1.41,-17.6789677838827,3.48757121627365,3.0162778086691
"637",0.98,1.41,-17.2789642773623,3.48830497438032,3.01691241027487
"638",0.99,1.41,-16.8830217902656,3.4890241699279,3.01753441723495
"639",1,1.41,-16.4910586919791,3.48972923210449,3.01814420073902
"640",0.92,1.43,-19.7956426561229,3.48366768476924,3.01290178142205
"641",0.93,1.43,-19.3740169280585,3.48448134074769,3.0136054838899
"642",0.94,1.43,-18.9569006525053,3.4852780059468,3.01429449162967
"643",0.95,1.43,-18.5441983886143,3.48605820696548,3.01496926007825
"644",0.96,1.43,-18.1358176937898,3.48682244886804,3.01563022604803
"645",0.97,1.43,-17.7316689994035,3.48757121627365,3.0162778086691
"646",0.98,1.43,-17.3316654928831,3.48830497438032,3.01691241027487
"647",0.99,1.43,-16.9357230057864,3.4890241699279,3.01753441723495
"648",1,1.43,-16.5437599074999,3.48972923210449,3.01814420073902
"649",0.92,1.45,-19.848532327525,3.48366768476924,3.01290178142205
"650",0.93,1.45,-19.4269065994605,3.48448134074769,3.0136054838899
"651",0.94,1.45,-19.0097903239074,3.4852780059468,3.01429449162967
"652",0.95,1.45,-18.5970880600164,3.48605820696548,3.01496926007825
"653",0.96,1.45,-18.1887073651919,3.48682244886804,3.01563022604803
"654",0.97,1.45,-17.7845586708056,3.48757121627365,3.0162778086691
"655",0.98,1.45,-17.3845551642852,3.48830497438032,3.01691241027487
"656",0.99,1.45,-16.9886126771885,3.4890241699279,3.01753441723495
"657",1,1.45,-16.596649578902,3.48972923210449,3.01814420073902
"658",0.92,1.47,-19.9016015482026,3.48366768476924,3.01290178142205
"659",0.93,1.47,-19.4799758201382,3.48448134074769,3.0136054838899
"660",0.94,1.47,-19.0628595445851,3.4852780059468,3.01429449162967
"661",0.95,1.47,-18.6501572806941,3.48605820696548,3.01496926007825
"662",0.96,1.47,-18.2417765858696,3.48682244886804,3.01563022604803
"663",0.97,1.47,-17.8376278914833,3.48757121627365,3.0162778086691
"664",0.98,1.47,-17.4376243849629,3.48830497438032,3.01691241027487
"665",0.99,1.47,-17.0416818978662,3.4890241699279,3.01753441723495
"666",1,1.47,-16.6497187995797,3.48972923210449,3.01814420073902
"667",0.92,1.49,-19.9548420009651,3.48366768476924,3.01290178142205
"668",0.93,1.49,-19.5332162729006,3.48448134074769,3.0136054838899
"669",0.94,1.49,-19.1160999973475,3.4852780059468,3.01429449162967
"670",0.95,1.49,-18.7033977334565,3.48605820696548,3.01496926007825
"671",0.96,1.49,-18.295017038632,3.48682244886804,3.01563022604803
"672",0.97,1.49,-17.8908683442457,3.48757121627365,3.0162778086691
"673",0.98,1.49,-17.4908648377253,3.48830497438032,3.01691241027487
"674",0.99,1.49,-17.0949223506286,3.4890241699279,3.01753441723495
"675",1,1.49,-16.7029592523421,3.48972923210449,3.01814420073902
"676",0.92,1.51,-20.0082459185432,3.48366768476924,3.01290178142205
"677",0.93,1.51,-19.5866201904787,3.48448134074769,3.0136054838899
"678",0.94,1.51,-19.1695039149256,3.4852780059468,3.01429449162967
"679",0.95,1.51,-18.7568016510346,3.48605820696548,3.01496926007825
"680",0.96,1.51,-18.3484209562101,3.48682244886804,3.01563022604803
"681",0.97,1.51,-17.9442722618238,3.48757121627365,3.0162778086691
"682",0.98,1.51,-17.5442687553034,3.48830497438032,3.01691241027487
"683",0.99,1.51,-17.1483262682067,3.4890241699279,3.01753441723495
"684",1,1.51,-16.7563631699202,3.48972923210449,3.01814420073902
"685",0.92,1.53,-20.0618060469539,3.48366768476924,3.01290178142205
"686",0.93,1.53,-19.6401803188895,3.48448134074769,3.0136054838899
"687",0.94,1.53,-19.2230640433363,3.4852780059468,3.01429449162967
"688",0.95,1.53,-18.8103617794454,3.48605820696548,3.01496926007825
"689",0.96,1.53,-18.4019810846209,3.48682244886804,3.01563022604803
"690",0.97,1.53,-17.9978323902345,3.48757121627365,3.0162778086691
"691",0.98,1.53,-17.5978288837142,3.48830497438032,3.01691241027487
"692",0.99,1.53,-17.2018863966175,3.4890241699279,3.01753441723495
"693",1,1.53,-16.8099232983309,3.48972923210449,3.01814420073902
"694",0.92,1.55,-20.1155156114897,3.48366768476924,3.01290178142205
"695",0.93,1.55,-19.6938898834253,3.48448134074769,3.0136054838899
"696",0.94,1.55,-19.2767736078721,3.4852780059468,3.01429449162967
"697",0.95,1.55,-18.8640713439812,3.48605820696548,3.01496926007825
"698",0.96,1.55,-18.4556906491567,3.48682244886804,3.01563022604803
"699",0.97,1.55,-18.0515419547704,3.48757121627365,3.0162778086691
"700",0.98,1.55,-17.65153844825,3.48830497438032,3.01691241027487
"701",0.99,1.55,-17.2555959611533,3.4890241699279,3.01753441723495
"702",1,1.55,-16.8636328628667,3.48972923210449,3.01814420073902
"703",0.92,1.57,-20.1693682851235,3.48366768476924,3.01290178142205
"704",0.93,1.57,-19.7477425570591,3.48448134074769,3.0136054838899
"705",0.94,1.57,-19.3306262815059,3.4852780059468,3.01429449162967
"706",0.95,1.57,-18.917924017615,3.48605820696548,3.01496926007825
"707",0.96,1.57,-18.5095433227905,3.48682244886804,3.01563022604803
"708",0.97,1.57,-18.1053946284042,3.48757121627365,3.0162778086691
"709",0.98,1.57,-17.7053911218838,3.48830497438032,3.01691241027487
"710",0.99,1.57,-17.3094486347871,3.4890241699279,3.01753441723495
"711",1,1.57,-16.9174855365005,3.48972923210449,3.01814420073902
"712",0.92,1.59,-20.2233581591379,3.48366768476924,3.01290178142205
"713",0.93,1.59,-19.8017324310735,3.48448134074769,3.0136054838899
"714",0.94,1.59,-19.3846161555203,3.4852780059468,3.01429449162967
"715",0.95,1.59,-18.9719138916294,3.48605820696548,3.01496926007825
"716",0.96,1.59,-18.5635331968049,3.48682244886804,3.01563022604803
"717",0.97,1.59,-18.1593845024186,3.48757121627365,3.0162778086691
"718",0.98,1.59,-17.7593809958982,3.48830497438032,3.01691241027487
"719",0.99,1.59,-17.3634385088015,3.4890241699279,3.01753441723495
"720",1,1.59,-16.9714754105149,3.48972923210449,3.01814420073902
"721",0.92,1.61,-20.2774797158041,3.48366768476924,3.01290178142205
"722",0.93,1.61,-19.8558539877396,3.48448134074769,3.0136054838899
"723",0.94,1.61,-19.4387377121865,3.4852780059468,3.01429449162967
"724",0.95,1.61,-19.0260354482955,3.48605820696548,3.01496926007825
"725",0.96,1.61,-18.617654753471,3.48682244886804,3.01563022604803
"726",0.97,1.61,-18.2135060590847,3.48757121627365,3.0162778086691
"727",0.98,1.61,-17.8135025525643,3.48830497438032,3.01691241027487
"728",0.99,1.61,-17.4175600654676,3.4890241699279,3.01753441723495
"729",1,1.61,-17.0255969671811,3.48972923210449,3.01814420073902
"730",0.92,1.63,-20.3317278029516,3.48366768476924,3.01290178142205
"731",0.93,1.63,-19.9101020748872,3.48448134074769,3.0136054838899
"732",0.94,1.63,-19.492985799334,3.4852780059468,3.01429449162967
"733",0.95,1.63,-19.0802835354431,3.48605820696548,3.01496926007825
"734",0.96,1.63,-18.6719028406186,3.48682244886804,3.01563022604803
"735",0.97,1.63,-18.2677541462323,3.48757121627365,3.0162778086691
"736",0.98,1.63,-17.8677506397119,3.48830497438032,3.01691241027487
"737",0.99,1.63,-17.4718081526152,3.4890241699279,3.01753441723495
"738",1,1.63,-17.0798450543286,3.48972923210449,3.01814420073902
"739",0.92,1.65,-20.3860976102847,3.48366768476924,3.01290178142205
"740",0.93,1.65,-19.9644718822202,3.48448134074769,3.0136054838899
"741",0.94,1.65,-19.5473556066671,3.4852780059468,3.01429449162967
"742",0.95,1.65,-19.1346533427761,3.48605820696548,3.01496926007825
"743",0.96,1.65,-18.7262726479516,3.48682244886804,3.01563022604803
"744",0.97,1.65,-18.3221239535653,3.48757121627365,3.0162778086691
"745",0.98,1.65,-17.9221204470449,3.48830497438032,3.01691241027487
"746",0.99,1.65,-17.5261779599482,3.4890241699279,3.01753441723495
"747",1,1.65,-17.1342148616617,3.48972923210449,3.01814420073902
"748",0.92,1.67,-20.4405846473106,3.48366768476924,3.01290178142205
"749",0.93,1.67,-20.0189589192462,3.48448134074769,3.0136054838899
"750",0.94,1.67,-19.601842643693,3.4852780059468,3.01429449162967
"751",0.95,1.67,-19.1891403798021,3.48605820696548,3.01496926007825
"752",0.96,1.67,-18.7807596849776,3.48682244886804,3.01563022604803
"753",0.97,1.67,-18.3766109905912,3.48757121627365,3.0162778086691
"754",0.98,1.67,-17.9766074840709,3.48830497438032,3.01691241027487
"755",0.99,1.67,-17.5806649969742,3.4890241699279,3.01753441723495
"756",1,1.67,-17.1887018986876,3.48972923210449,3.01814420073902
"757",0.92,1.69,-20.4951847227614,3.48366768476924,3.01290178142205
"758",0.93,1.69,-20.073558994697,3.48448134074769,3.0136054838899
"759",0.94,1.69,-19.6564427191438,3.4852780059468,3.01429449162967
"760",0.95,1.69,-19.2437404552529,3.48605820696548,3.01496926007825
"761",0.96,1.69,-18.8353597604284,3.48682244886804,3.01563022604803
"762",0.97,1.69,-18.431211066042,3.48757121627365,3.0162778086691
"763",0.98,1.69,-18.0312075595217,3.48830497438032,3.01691241027487
"764",0.99,1.69,-17.635265072425,3.4890241699279,3.01753441723495
"765",1,1.69,-17.2433019741384,3.48972923210449,3.01814420073902
"766",0.92,1.71,-20.5498939253954,3.48366768476924,3.01290178142205
"767",0.93,1.71,-20.128268197331,3.48448134074769,3.0136054838899
"768",0.94,1.71,-19.7111519217778,3.4852780059468,3.01429449162967
"769",0.95,1.71,-19.2984496578868,3.48605820696548,3.01496926007825
"770",0.96,1.71,-18.8900689630623,3.48682244886804,3.01563022604803
"771",0.97,1.71,-18.485920268676,3.48757121627365,3.0162778086691
"772",0.98,1.71,-18.0859167621556,3.48830497438032,3.01691241027487
"773",0.99,1.71,-17.6899742750589,3.4890241699279,3.01753441723495
"774",1,1.71,-17.2980111767724,3.48972923210449,3.01814420073902
"775",0.92,1.73,-20.6047086060781,3.48366768476924,3.01290178142205
"776",0.93,1.73,-20.1830828780137,3.48448134074769,3.0136054838899
"777",0.94,1.73,-19.7659666024605,3.4852780059468,3.01429449162967
"778",0.95,1.73,-19.3532643385696,3.48605820696548,3.01496926007825
"779",0.96,1.73,-18.9448836437451,3.48682244886804,3.01563022604803
"780",0.97,1.73,-18.5407349493587,3.48757121627365,3.0162778086691
"781",0.98,1.73,-18.1407314428384,3.48830497438032,3.01691241027487
"782",0.99,1.73,-17.7447889557417,3.4890241699279,3.01753441723495
"783",1,1.73,-17.3528258574551,3.48972923210449,3.01814420073902
"784",0.92,1.75,-20.659625361049,3.48366768476924,3.01290178142205
"785",0.93,1.75,-20.2379996329845,3.48448134074769,3.0136054838899
"786",0.94,1.75,-19.8208833574314,3.4852780059468,3.01429449162967
"787",0.95,1.75,-19.4081810935404,3.48605820696548,3.01496926007825
"788",0.96,1.75,-18.9998003987159,3.48682244886804,3.01563022604803
"789",0.97,1.75,-18.5956517043296,3.48757121627365,3.0162778086691
"790",0.98,1.75,-18.1956481978092,3.48830497438032,3.01691241027487
"791",0.99,1.75,-17.7997057107125,3.4890241699279,3.01753441723495
"792",1,1.75,-17.407742612426,3.48972923210449,3.01814420073902
"793",0.92,1.77,-20.7146410162872,3.48366768476924,3.01290178142205
"794",0.93,1.77,-20.2930152882228,3.48448134074769,3.0136054838899
"795",0.94,1.77,-19.8758990126696,3.4852780059468,3.01429449162967
"796",0.95,1.77,-19.4631967487786,3.48605820696548,3.01496926007825
"797",0.96,1.77,-19.0548160539541,3.48682244886804,3.01563022604803
"798",0.97,1.77,-18.6506673595678,3.48757121627365,3.0162778086691
"799",0.98,1.77,-18.2506638530474,3.48830497438032,3.01691241027487
"800",0.99,1.77,-17.8547213659507,3.4890241699279,3.01753441723495
"801",1,1.77,-17.4627582676642,3.48972923210449,3.01814420073902
"802",0.92,1.79,-20.7697526128988,3.48366768476924,3.01290178142205
"803",0.93,1.79,-20.3481268848344,3.48448134074769,3.0136054838899
"804",0.94,1.79,-19.9310106092812,3.4852780059468,3.01429449162967
"805",0.95,1.79,-19.5183083453903,3.48605820696548,3.01496926007825
"806",0.96,1.79,-19.1099276505658,3.48682244886804,3.01563022604803
"807",0.97,1.79,-18.7057789561795,3.48757121627365,3.0162778086691
"808",0.98,1.79,-18.3057754496591,3.48830497438032,3.01691241027487
"809",0.99,1.79,-17.9098329625624,3.4890241699279,3.01753441723495
"810",1,1.79,-17.5178698642758,3.48972923210449,3.01814420073902
"811",0.92,1.81,-20.824957393452,3.48366768476924,3.01290178142205
"812",0.93,1.81,-20.4033316653876,3.48448134074769,3.0136054838899
"813",0.94,1.81,-19.9862153898344,3.4852780059468,3.01429449162967
"814",0.95,1.81,-19.5735131259435,3.48605820696548,3.01496926007825
"815",0.96,1.81,-19.1651324311189,3.48682244886804,3.01563022604803
"816",0.97,1.81,-18.7609837367326,3.48757121627365,3.0162778086691
"817",0.98,1.81,-18.3609802302123,3.48830497438032,3.01691241027487
"818",0.99,1.81,-17.9650377431156,3.4890241699279,3.01753441723495
"819",1,1.81,-17.573074644829,3.48972923210449,3.01814420073902
"820",0.92,1.83,-20.8802527891932,3.48366768476924,3.01290178142205
"821",0.93,1.83,-20.4586270611288,3.48448134074769,3.0136054838899
"822",0.94,1.83,-20.0415107855757,3.4852780059468,3.01429449162967
"823",0.95,1.83,-19.6288085216847,3.48605820696548,3.01496926007825
"824",0.96,1.83,-19.2204278268602,3.48682244886804,3.01563022604803
"825",0.97,1.83,-18.8162791324739,3.48757121627365,3.0162778086691
"826",0.98,1.83,-18.4162756259535,3.48830497438032,3.01691241027487
"827",0.99,1.83,-18.0203331388568,3.4890241699279,3.01753441723495
"828",1,1.83,-17.6283700405703,3.48972923210449,3.01814420073902
"829",0.92,1.85,-20.9356364080838,3.48366768476924,3.01290178142205
"830",0.93,1.85,-20.5140106800194,3.48448134074769,3.0136054838899
"831",0.94,1.85,-20.0968944044662,3.4852780059468,3.01429449162967
"832",0.95,1.85,-19.6841921405752,3.48605820696548,3.01496926007825
"833",0.96,1.85,-19.2758114457507,3.48682244886804,3.01563022604803
"834",0.97,1.85,-18.8716627513644,3.48757121627365,3.0162778086691
"835",0.98,1.85,-18.471659244844,3.48830497438032,3.01691241027487
"836",0.99,1.85,-18.0757167577473,3.4890241699279,3.01753441723495
"837",1,1.85,-17.6837536594608,3.48972923210449,3.01814420073902
"838",0.92,1.87,-20.9911060235985,3.48366768476924,3.01290178142205
"839",0.93,1.87,-20.5694802955341,3.48448134074769,3.0136054838899
"840",0.94,1.87,-20.152364019981,3.4852780059468,3.01429449162967
"841",0.95,1.87,-19.73966175609,3.48605820696548,3.01496926007825
"842",0.96,1.87,-19.3312810612655,3.48682244886804,3.01563022604803
"843",0.97,1.87,-18.9271323668792,3.48757121627365,3.0162778086691
"844",0.98,1.87,-18.5271288603588,3.48830497438032,3.01691241027487
"845",0.99,1.87,-18.1311863732621,3.4890241699279,3.01753441723495
"846",1,1.87,-17.7392232749755,3.48972923210449,3.01814420073902
"847",0.92,1.89,-21.0466595642357,3.48366768476924,3.01290178142205
"848",0.93,1.89,-20.6250338361713,3.48448134074769,3.0136054838899
"849",0.94,1.89,-20.2079175606181,3.4852780059468,3.01429449162967
"850",0.95,1.89,-19.7952152967272,3.48605820696548,3.01496926007825
"851",0.96,1.89,-19.3868346019027,3.48682244886804,3.01563022604803
"852",0.97,1.89,-18.9826859075163,3.48757121627365,3.0162778086691
"853",0.98,1.89,-18.582682400996,3.48830497438032,3.01691241027487
"854",0.99,1.89,-18.1867399138993,3.4890241699279,3.01753441723495
"855",1,1.89,-17.7947768156127,3.48972923210449,3.01814420073902
"856",0.92,1.91,-21.1022951036881,3.48366768476924,3.01290178142205
"857",0.93,1.91,-20.6806693756237,3.48448134074769,3.0136054838899
"858",0.94,1.91,-20.2635531000705,3.4852780059468,3.01429449162967
"859",0.95,1.91,-19.8508508361795,3.48605820696548,3.01496926007825
"860",0.96,1.91,-19.442470141355,3.48682244886804,3.01563022604803
"861",0.97,1.91,-19.0383214469687,3.48757121627365,3.0162778086691
"862",0.98,1.91,-18.6383179404483,3.48830497438032,3.01691241027487
"863",0.99,1.91,-18.2423754533516,3.4890241699279,3.01753441723495
"864",1,1.91,-17.8504123550651,3.48972923210449,3.01814420073902
"865",0.92,1.93,-21.1580108516315,3.48366768476924,3.01290178142205
"866",0.93,1.93,-20.7363851235671,3.48448134074769,3.0136054838899
"867",0.94,1.93,-20.319268848014,3.4852780059468,3.01429449162967
"868",0.95,1.93,-19.906566584123,3.48605820696548,3.01496926007825
"869",0.96,1.93,-19.4981858892985,3.48682244886804,3.01563022604803
"870",0.97,1.93,-19.0940371949122,3.48757121627365,3.0162778086691
"871",0.98,1.93,-18.6940336883918,3.48830497438032,3.01691241027487
"872",0.99,1.93,-18.2980912012951,3.4890241699279,3.01753441723495
"873",1,1.93,-17.9061281030086,3.48972923210449,3.01814420073902
"874",0.92,1.95,-21.2138051450894,3.48366768476924,3.01290178142205
"875",0.93,1.95,-20.792179417025,3.48448134074769,3.0136054838899
"876",0.94,1.95,-20.3750631414719,3.4852780059468,3.01429449162967
"877",0.95,1.95,-19.9623608775809,3.48605820696548,3.01496926007825
"878",0.96,1.95,-19.5539801827564,3.48682244886804,3.01563022604803
"879",0.97,1.95,-19.1498314883701,3.48757121627365,3.0162778086691
"880",0.98,1.95,-18.7498279818497,3.48830497438032,3.01691241027487
"881",0.99,1.95,-18.353885494753,3.4890241699279,3.01753441723495
"882",1,1.95,-17.9619223964664,3.48972923210449,3.01814420073902
"883",0.92,1.97,-21.2696764403338,3.48366768476924,3.01290178142205
"884",0.93,1.97,-20.8480507122694,3.48448134074769,3.0136054838899
"885",0.94,1.97,-20.4309344367162,3.4852780059468,3.01429449162967
"886",0.95,1.97,-20.0182321728253,3.48605820696548,3.01496926007825
"887",0.96,1.97,-19.6098514780008,3.48682244886804,3.01563022604803
"888",0.97,1.97,-19.2057027836144,3.48757121627365,3.0162778086691
"889",0.98,1.97,-18.8056992770941,3.48830497438032,3.01691241027487
"890",0.99,1.97,-18.4097567899974,3.4890241699279,3.01753441723495
"891",1,1.97,-18.0177936917108,3.48972923210449,3.01814420073902
"892",0.92,1.99,-21.3256233052887,3.48366768476924,3.01290178142205
"893",0.93,1.99,-20.9039975772243,3.48448134074769,3.0136054838899
"894",0.94,1.99,-20.4868813016711,3.4852780059468,3.01429449162967
"895",0.95,1.99,-20.0741790377801,3.48605820696548,3.01496926007825
"896",0.96,1.99,-19.6657983429556,3.48682244886804,3.01563022604803
"897",0.97,1.99,-19.2616496485693,3.48757121627365,3.0162778086691
"898",0.98,1.99,-18.8616461420489,3.48830497438032,3.01691241027487
"899",0.99,1.99,-18.4657036549522,3.4890241699279,3.01753441723495
"900",1,1.99,-18.0737405566657,3.48972923210449,3.01814420073902
"901",0.92,2.01,-21.3816444124018,3.48366768476924,3.01290178142205
"902",0.93,2.01,-20.9600186843374,3.48448134074769,3.0136054838899
"903",0.94,2.01,-20.5429024087842,3.4852780059468,3.01429449162967
"904",0.95,2.01,-20.1302001448933,3.48605820696548,3.01496926007825
"905",0.96,2.01,-19.7218194500688,3.48682244886804,3.01563022604803
"906",0.97,2.01,-19.3176707556825,3.48757121627365,3.0162778086691
"907",0.98,2.01,-18.9176672491621,3.48830497438032,3.01691241027487
"908",0.99,2.01,-18.5217247620654,3.4890241699279,3.01753441723495
"909",1,2.01,-18.1297616637788,3.48972923210449,3.01814420073902
"910",0.92,2.03,-21.4377385319548,3.48366768476924,3.01290178142205
"911",0.93,2.03,-21.0161128038904,3.48448134074769,3.0136054838899
"912",0.94,2.03,-20.5989965283372,3.4852780059468,3.01429449162967
"913",0.95,2.03,-20.1862942644463,3.48605820696548,3.01496926007825
"914",0.96,2.03,-19.7779135696218,3.48682244886804,3.01563022604803
"915",0.97,2.03,-19.3737648752355,3.48757121627365,3.0162778086691
"916",0.98,2.03,-18.9737613687151,3.48830497438032,3.01691241027487
"917",0.99,2.03,-18.5778188816184,3.4890241699279,3.01753441723495
"918",1,2.03,-18.1858557833318,3.48972923210449,3.01814420073902
"919",0.92,2.05,-21.4939045257827,3.48366768476924,3.01290178142205
"920",0.93,2.05,-21.0722787977183,3.48448134074769,3.0136054838899
"921",0.94,2.05,-20.6551625221651,3.4852780059468,3.01429449162967
"922",0.95,2.05,-20.2424602582742,3.48605820696548,3.01496926007825
"923",0.96,2.05,-19.8340795634497,3.48682244886804,3.01563022604803
"924",0.97,2.05,-19.4299308690634,3.48757121627365,3.0162778086691
"925",0.98,2.05,-19.029927362543,3.48830497438032,3.01691241027487
"926",0.99,2.05,-18.6339848754463,3.4890241699279,3.01753441723495
"927",1,2.05,-18.2420217771597,3.48972923210449,3.01814420073902
"928",0.92,2.07,-21.550141341377,3.48366768476924,3.01290178142205
"929",0.93,2.07,-21.1285156133126,3.48448134074769,3.0136054838899
"930",0.94,2.07,-20.7113993377594,3.4852780059468,3.01429449162967
"931",0.95,2.07,-20.2986970738685,3.48605820696548,3.01496926007825
"932",0.96,2.07,-19.890316379044,3.48682244886804,3.01563022604803
"933",0.97,2.07,-19.4861676846576,3.48757121627365,3.0162778086691
"934",0.98,2.07,-19.0861641781373,3.48830497438032,3.01691241027487
"935",0.99,2.07,-18.6902216910406,3.4890241699279,3.01753441723495
"936",1,2.07,-18.298258592754,3.48972923210449,3.01814420073902
"937",0.92,2.09,-21.6064480063474,3.48366768476924,3.01290178142205
"938",0.93,2.09,-21.184822278283,3.48448134074769,3.0136054838899
"939",0.94,2.09,-20.7677060027298,3.4852780059468,3.01429449162967
"940",0.95,2.09,-20.3550037388389,3.48605820696548,3.01496926007825
"941",0.96,2.09,-19.9466230440144,3.48682244886804,3.01563022604803
"942",0.97,2.09,-19.5424743496281,3.48757121627365,3.0162778086691
"943",0.98,2.09,-19.1424708431077,3.48830497438032,3.01691241027487
"944",0.99,2.09,-18.746528356011,3.4890241699279,3.01753441723495
"945",1,2.09,-18.3545652577244,3.48972923210449,3.01814420073902
"946",0.92,2.11,-21.6628236232198,3.48366768476924,3.01290178142205
"947",0.93,2.11,-21.2411978951553,3.48448134074769,3.0136054838899
"948",0.94,2.11,-20.8240816196022,3.4852780059468,3.01429449162967
"949",0.95,2.11,-20.4113793557112,3.48605820696548,3.01496926007825
"950",0.96,2.11,-20.0029986608867,3.48682244886804,3.01563022604803
"951",0.97,2.11,-19.5988499665004,3.48757121627365,3.0162778086691
"952",0.98,2.11,-19.19884645998,3.48830497438032,3.01691241027487
"953",0.99,2.11,-18.8029039728833,3.4890241699279,3.01753441723495
"954",1,2.11,-18.4109408745968,3.48972923210449,3.01814420073902
"955",0.92,2.13,-21.7192673645484,3.48366768476924,3.01290178142205
"956",0.93,2.13,-21.297641636484,3.48448134074769,3.0136054838899
"957",0.94,2.13,-20.8805253609308,3.4852780059468,3.01429449162967
"958",0.95,2.13,-20.4678230970399,3.48605820696548,3.01496926007825
"959",0.96,2.13,-20.0594424022153,3.48682244886804,3.01563022604803
"960",0.97,2.13,-19.655293707829,3.48757121627365,3.0162778086691
"961",0.98,2.13,-19.2552902013086,3.48830497438032,3.01691241027487
"962",0.99,2.13,-18.8593477142119,3.4890241699279,3.01753441723495
"963",1,2.13,-18.4673846159254,3.48972923210449,3.01814420073902
"964",0.92,2.15,-21.7757784683237,3.48366768476924,3.01290178142205
"965",0.93,2.15,-21.3541527402593,3.48448134074769,3.0136054838899
"966",0.94,2.15,-20.9370364647061,3.4852780059468,3.01429449162967
"967",0.95,2.15,-20.5243342008152,3.48605820696548,3.01496926007825
"968",0.96,2.15,-20.1159535059907,3.48682244886804,3.01563022604803
"969",0.97,2.15,-19.7118048116043,3.48757121627365,3.0162778086691
"970",0.98,2.15,-19.311801305084,3.48830497438032,3.01691241027487
"971",0.99,2.15,-18.9158588179873,3.4890241699279,3.01753441723495
"972",1,2.15,-18.5238957197007,3.48972923210449,3.01814420073902
"973",0.92,2.17,-21.8323562336562,3.48366768476924,3.01290178142205
"974",0.93,2.17,-21.4107305055918,3.48448134074769,3.0136054838899
"975",0.94,2.17,-20.9936142300386,3.4852780059468,3.01429449162967
"976",0.95,2.17,-20.5809119661477,3.48605820696548,3.01496926007825
"977",0.96,2.17,-20.1725312713232,3.48682244886804,3.01563022604803
"978",0.97,2.17,-19.7683825769369,3.48757121627365,3.0162778086691
"979",0.98,2.17,-19.3683790704165,3.48830497438032,3.01691241027487
"980",0.99,2.17,-18.9724365833198,3.4890241699279,3.01753441723495
"981",1,2.17,-18.5804734850332,3.48972923210449,3.01814420073902
"982",0.92,2.19,-21.88900001672,3.48366768476924,3.01290178142205
"983",0.93,2.19,-21.4673742886556,3.48448134074769,3.0136054838899
"984",0.94,2.19,-21.0502580131024,3.4852780059468,3.01429449162967
"985",0.95,2.19,-20.6375557492115,3.48605820696548,3.01496926007825
"986",0.96,2.19,-20.2291750543869,3.48682244886804,3.01563022604803
"987",0.97,2.19,-19.8250263600006,3.48757121627365,3.0162778086691
"988",0.98,2.19,-19.4250228534802,3.48830497438032,3.01691241027487
"989",0.99,2.19,-19.0290803663835,3.4890241699279,3.01753441723495
"990",1,2.19,-18.637117268097,3.48972923210449,3.01814420073902
"991",0.92,2.21,-21.9457092269392,3.48366768476924,3.01290178142205
"992",0.93,2.21,-21.5240834988748,3.48448134074769,3.0136054838899
"993",0.94,2.21,-21.1069672233217,3.4852780059468,3.01429449162967
"994",0.95,2.21,-20.6942649594307,3.48605820696548,3.01496926007825
"995",0.96,2.21,-20.2858842646062,3.48682244886804,3.01563022604803
"996",0.97,2.21,-19.8817355702199,3.48757121627365,3.0162778086691
"997",0.98,2.21,-19.4817320636995,3.48830497438032,3.01691241027487
"998",0.99,2.21,-19.0857895766028,3.4890241699279,3.01753441723495
"999",1,2.21,-18.6938264783162,3.48972923210449,3.01814420073902
"1000",0.92,2.23,-22.0024833234038,3.48366768476924,3.01290178142205
"1001",0.93,2.23,-21.5808575953394,3.48448134074769,3.0136054838899
"1002",0.94,2.23,-21.1637413197862,3.4852780059468,3.01429449162967
"1003",0.95,2.23,-20.7510390558953,3.48605820696548,3.01496926007825
"1004",0.96,2.23,-20.3426583610708,3.48682244886804,3.01563022604803
"1005",0.97,2.23,-19.9385096666845,3.48757121627365,3.0162778086691
"1006",0.98,2.23,-19.5385061601641,3.48830497438032,3.01691241027487
"1007",0.99,2.23,-19.1425636730674,3.4890241699279,3.01753441723495
"1008",1,2.23,-18.7506005747808,3.48972923210449,3.01814420073902
"1009",0.92,2.25,-22.0593218114986,3.48366768476924,3.01290178142205
"1010",0.93,2.25,-21.6376960834342,3.48448134074769,3.0136054838899
"1011",0.94,2.25,-21.220579807881,3.4852780059468,3.01429449162967
"1012",0.95,2.25,-20.8078775439901,3.48605820696548,3.01496926007825
"1013",0.96,2.25,-20.3994968491656,3.48682244886804,3.01563022604803
"1014",0.97,2.25,-19.9953481547792,3.48757121627365,3.0162778086691
"1015",0.98,2.25,-19.5953446482589,3.48830497438032,3.01691241027487
"1016",0.99,2.25,-19.1994021611622,3.4890241699279,3.01753441723495
"1017",1,2.25,-18.8074390628756,3.48972923210449,3.01814420073902
"1018",0.92,2.27,-22.1162242397347,3.48366768476924,3.01290178142205
"1019",0.93,2.27,-21.6945985116702,3.48448134074769,3.0136054838899
"1020",0.94,2.27,-21.2774822361171,3.4852780059468,3.01429449162967
"1021",0.95,2.27,-20.8647799722261,3.48605820696548,3.01496926007825
"1022",0.96,2.27,-20.4563992774016,3.48682244886804,3.01563022604803
"1023",0.97,2.27,-20.0522505830153,3.48757121627365,3.0162778086691
"1024",0.98,2.27,-19.6522470764949,3.48830497438032,3.01691241027487
"1025",0.99,2.27,-19.2563045893982,3.4890241699279,3.01753441723495
"1026",1,2.27,-18.8643414911117,3.48972923210449,3.01814420073902
"1027",0.92,2.29,-22.1731901967695,3.48366768476924,3.01290178142205
"1028",0.93,2.29,-21.7515644687051,3.48448134074769,3.0136054838899
"1029",0.94,2.29,-21.334448193152,3.4852780059468,3.01429449162967
"1030",0.95,2.29,-20.921745929261,3.48605820696548,3.01496926007825
"1031",0.96,2.29,-20.5133652344365,3.48682244886804,3.01563022604803
"1032",0.97,2.29,-20.1092165400502,3.48757121627365,3.0162778086691
"1033",0.98,2.29,-19.7092130335298,3.48830497438032,3.01691241027487
"1034",0.99,2.29,-19.3132705464331,3.4890241699279,3.01753441723495
"1035",1,2.29,-18.9213074481465,3.48972923210449,3.01814420073902
"1036",0.92,2.31,-22.2302193086053,3.48366768476924,3.01290178142205
"1037",0.93,2.31,-21.8085935805409,3.48448134074769,3.0136054838899
"1038",0.94,2.31,-21.3914773049878,3.4852780059468,3.01429449162967
"1039",0.95,2.31,-20.9787750410968,3.48605820696548,3.01496926007825
"1040",0.96,2.31,-20.5703943462723,3.48682244886804,3.01563022604803
"1041",0.97,2.31,-20.166245651886,3.48757121627365,3.0162778086691
"1042",0.98,2.31,-19.7662421453656,3.48830497438032,3.01691241027487
"1043",0.99,2.31,-19.3702996582689,3.4890241699279,3.01753441723495
"1044",1,2.31,-18.9783365599823,3.48972923210449,3.01814420073902
"1045",0.92,2.33,-22.2873112359541,3.48366768476924,3.01290178142205
"1046",0.93,2.33,-21.8656855078897,3.48448134074769,3.0136054838899
"1047",0.94,2.33,-21.4485692323365,3.4852780059468,3.01429449162967
"1048",0.95,2.33,-21.0358669684455,3.48605820696548,3.01496926007825
"1049",0.96,2.33,-20.627486273621,3.48682244886804,3.01563022604803
"1050",0.97,2.33,-20.2233375792347,3.48757121627365,3.0162778086691
"1051",0.98,2.33,-19.8233340727143,3.48830497438032,3.01691241027487
"1052",0.99,2.33,-19.4273915856176,3.4890241699279,3.01753441723495
"1053",1,2.33,-19.0354284873311,3.48972923210449,3.01814420073902
"1054",0.92,2.35,-22.3444656717601,3.48366768476924,3.01290178142205
"1055",0.93,2.35,-21.9228399436957,3.48448134074769,3.0136054838899
"1056",0.94,2.35,-21.5057236681426,3.4852780059468,3.01429449162967
"1057",0.95,2.35,-21.0930214042516,3.48605820696548,3.01496926007825
"1058",0.96,2.35,-20.6846407094271,3.48682244886804,3.01563022604803
"1059",0.97,2.35,-20.2804920150408,3.48757121627365,3.0162778086691
"1060",0.98,2.35,-19.8804885085204,3.48830497438032,3.01691241027487
"1061",0.99,2.35,-19.4845460214237,3.4890241699279,3.01753441723495
"1062",1,2.35,-19.0925829231371,3.48972923210449,3.01814420073902
"1063",0.92,2.37,-22.4016823388707,3.48366768476924,3.01290178142205
"1064",0.93,2.37,-21.9800566108063,3.48448134074769,3.0136054838899
"1065",0.94,2.37,-21.5629403352531,3.4852780059468,3.01429449162967
"1066",0.95,2.37,-21.1502380713622,3.48605820696548,3.01496926007825
"1067",0.96,2.37,-20.7418573765377,3.48682244886804,3.01563022604803
"1068",0.97,2.37,-20.3377086821513,3.48757121627365,3.0162778086691
"1069",0.98,2.37,-19.937705175631,3.48830497438032,3.01691241027487
"1070",0.99,2.37,-19.5417626885343,3.4890241699279,3.01753441723495
"1071",1,2.37,-19.1497995902477,3.48972923210449,3.01814420073902
"1072",0.92,2.39,-22.4589609878452,3.48366768476924,3.01290178142205
"1073",0.93,2.39,-22.0373352597808,3.48448134074769,3.0136054838899
"1074",0.94,2.39,-21.6202189842276,3.4852780059468,3.01429449162967
"1075",0.95,2.39,-21.2075167203367,3.48605820696548,3.01496926007825
"1076",0.96,2.39,-20.7991360255121,3.48682244886804,3.01563022604803
"1077",0.97,2.39,-20.3949873311258,3.48757121627365,3.0162778086691
"1078",0.98,2.39,-19.9949838246055,3.48830497438032,3.01691241027487
"1079",0.99,2.39,-19.5990413375088,3.4890241699279,3.01753441723495
"1080",1,2.39,-19.2070782392222,3.48972923210449,3.01814420073902
"1081",0.92,2.41,-22.5163013948957,3.48366768476924,3.01290178142205
"1082",0.93,2.41,-22.0946756668313,3.48448134074769,3.0136054838899
"1083",0.94,2.41,-21.6775593912781,3.4852780059468,3.01429449162967
"1084",0.95,2.41,-21.2648571273872,3.48605820696548,3.01496926007825
"1085",0.96,2.41,-20.8564764325626,3.48682244886804,3.01563022604803
"1086",0.97,2.41,-20.4523277381763,3.48757121627365,3.0162778086691
"1087",0.98,2.41,-20.052324231656,3.48830497438032,3.01691241027487
"1088",0.99,2.41,-19.6563817445592,3.4890241699279,3.01753441723495
"1089",1,2.41,-19.2644186462727,3.48972923210449,3.01814420073902
"1090",0.92,2.43,-22.5737033599506,3.48366768476924,3.01290178142205
"1091",0.93,2.43,-22.1520776318861,3.48448134074769,3.0136054838899
"1092",0.94,2.43,-21.734961356333,3.4852780059468,3.01429449162967
"1093",0.95,2.43,-21.322259092442,3.48605820696548,3.01496926007825
"1094",0.96,2.43,-20.9138783976175,3.48682244886804,3.01563022604803
"1095",0.97,2.43,-20.5097297032312,3.48757121627365,3.0162778086691
"1096",0.98,2.43,-20.1097261967108,3.48830497438032,3.01691241027487
"1097",0.99,2.43,-19.7137837096141,3.4890241699279,3.01753441723495
"1098",1,2.43,-19.3218206113276,3.48972923210449,3.01814420073902
"1099",0.92,2.45,-22.6311667048341,3.48366768476924,3.01290178142205
"1100",0.93,2.45,-22.2095409767697,3.48448134074769,3.0136054838899
"1101",0.94,2.45,-21.7924247012165,3.4852780059468,3.01429449162967
"1102",0.95,2.45,-21.3797224373256,3.48605820696548,3.01496926007825
"1103",0.96,2.45,-20.9713417425011,3.48682244886804,3.01563022604803
"1104",0.97,2.45,-20.5671930481148,3.48757121627365,3.0162778086691
"1105",0.98,2.45,-20.1671895415944,3.48830497438032,3.01691241027487
"1106",0.99,2.45,-19.7712470544977,3.4890241699279,3.01753441723495
"1107",1,2.45,-19.3792839562111,3.48972923210449,3.01814420073902
"1108",0.92,2.47,-22.6886912715556,3.48366768476924,3.01290178142205
"1109",0.93,2.47,-22.2670655434912,3.48448134074769,3.0136054838899
"1110",0.94,2.47,-21.849949267938,3.4852780059468,3.01429449162967
"1111",0.95,2.47,-21.4372470040471,3.48605820696548,3.01496926007825
"1112",0.96,2.47,-21.0288663092226,3.48682244886804,3.01563022604803
"1113",0.97,2.47,-20.6247176148362,3.48757121627365,3.0162778086691
"1114",0.98,2.47,-20.2247141083159,3.48830497438032,3.01691241027487
"1115",0.99,2.47,-19.8287716212192,3.4890241699279,3.01753441723495
"1116",1,2.47,-19.4368085229326,3.48972923210449,3.01814420073902
"1117",0.92,2.49,-22.7462769207009,3.48366768476924,3.01290178142205
"1118",0.93,2.49,-22.3246511926365,3.48448134074769,3.0136054838899
"1119",0.94,2.49,-21.9075349170833,3.4852780059468,3.01429449162967
"1120",0.95,2.49,-21.4948326531924,3.48605820696548,3.01496926007825
"1121",0.96,2.49,-21.0864519583678,3.48682244886804,3.01563022604803
"1122",0.97,2.49,-20.6823032639815,3.48757121627365,3.0162778086691
"1123",0.98,2.49,-20.2822997574612,3.48830497438032,3.01691241027487
"1124",0.99,2.49,-19.8863572703645,3.4890241699279,3.01753441723495
"1125",1,2.49,-19.4943941720779,3.48972923210449,3.01814420073902
"1126",0.92,2.51,-22.8039235299214,3.48366768476924,3.01290178142205
"1127",0.93,2.51,-22.382297801857,3.48448134074769,3.0136054838899
"1128",0.94,2.51,-21.9651815263038,3.4852780059468,3.01429449162967
"1129",0.95,2.51,-21.5524792624129,3.48605820696548,3.01496926007825
"1130",0.96,2.51,-21.1440985675884,3.48682244886804,3.01563022604803
"1131",0.97,2.51,-20.739949873202,3.48757121627365,3.0162778086691
"1132",0.98,2.51,-20.3399463666817,3.48830497438032,3.01691241027487
"1133",0.99,2.51,-19.944003879585,3.4890241699279,3.01753441723495
"1134",1,2.51,-19.5520407812984,3.48972923210449,3.01814420073902
"1135",0.92,2.53,-22.8616309925141,3.48366768476924,3.01290178142205
"1136",0.93,2.53,-22.4400052644497,3.48448134074769,3.0136054838899
"1137",0.94,2.53,-22.0228889888966,3.4852780059468,3.01429449162967
"1138",0.95,2.53,-21.6101867250056,3.48605820696548,3.01496926007825
"1139",0.96,2.53,-21.2018060301811,3.48682244886804,3.01563022604803
"1140",0.97,2.53,-20.7976573357948,3.48757121627365,3.0162778086691
"1141",0.98,2.53,-20.3976538292744,3.48830497438032,3.01691241027487
"1142",0.99,2.53,-20.0017113421777,3.4890241699279,3.01753441723495
"1143",1,2.53,-19.6097482438912,3.48972923210449,3.01814420073902
"1144",0.92,2.55,-22.919399216088,3.48366768476924,3.01290178142205
"1145",0.93,2.55,-22.4977734880236,3.48448134074769,3.0136054838899
"1146",0.94,2.55,-22.0806572124704,3.4852780059468,3.01429449162967
"1147",0.95,2.55,-21.6679549485795,3.48605820696548,3.01496926007825
"1148",0.96,2.55,-21.259574253755,3.48682244886804,3.01563022604803
"1149",0.97,2.55,-20.8554255593687,3.48757121627365,3.0162778086691
"1150",0.98,2.55,-20.4554220528483,3.48830497438032,3.01691241027487
"1151",0.99,2.55,-20.0594795657516,3.4890241699279,3.01753441723495
"1152",1,2.55,-19.667516467465,3.48972923210449,3.01814420073902
"1153",0.92,2.57,-22.9772281213112,3.48366768476924,3.01290178142205
"1154",0.93,2.57,-22.5556023932468,3.48448134074769,3.0136054838899
"1155",0.94,2.57,-22.1384861176936,3.4852780059468,3.01429449162967
"1156",0.95,2.57,-21.7257838538027,3.48605820696548,3.01496926007825
"1157",0.96,2.57,-21.3174031589782,3.48682244886804,3.01563022604803
"1158",0.97,2.57,-20.9132544645918,3.48757121627365,3.0162778086691
"1159",0.98,2.57,-20.5132509580715,3.48830497438032,3.01691241027487
"1160",0.99,2.57,-20.1173084709748,3.4890241699279,3.01753441723495
"1161",1,2.57,-19.7253453726882,3.48972923210449,3.01814420073902
"1162",0.92,2.59,-23.035117640735,3.48366768476924,3.01290178142205
"1163",0.93,2.59,-22.6134919126706,3.48448134074769,3.0136054838899
"1164",0.94,2.59,-22.1963756371174,3.4852780059468,3.01429449162967
"1165",0.95,2.59,-21.7836733732264,3.48605820696548,3.01496926007825
"1166",0.96,2.59,-21.3752926784019,3.48682244886804,3.01563022604803
"1167",0.97,2.59,-20.9711439840156,3.48757121627365,3.0162778086691
"1168",0.98,2.59,-20.5711404774952,3.48830497438032,3.01691241027487
"1169",0.99,2.59,-20.1751979903985,3.4890241699279,3.01753441723495
"1170",1,2.59,-19.783234892112,3.48972923210449,3.01814420073902
"1171",0.92,2.61,-23.0930677176898,3.48366768476924,3.01290178142205
"1172",0.93,2.61,-22.6714419896254,3.48448134074769,3.0136054838899
"1173",0.94,2.61,-22.2543257140722,3.4852780059468,3.01429449162967
"1174",0.95,2.61,-21.8416234501813,3.48605820696548,3.01496926007825
"1175",0.96,2.61,-21.4332427553568,3.48682244886804,3.01563022604803
"1176",0.97,2.61,-21.0290940609705,3.48757121627365,3.0162778086691
"1177",0.98,2.61,-20.6290905544501,3.48830497438032,3.01691241027487
"1178",0.99,2.61,-20.2331480673534,3.4890241699279,3.01753441723495
"1179",1,2.61,-19.8411849690668,3.48972923210449,3.01814420073902
"1180",0.92,2.63,-23.1510783052494,3.48366768476924,3.01290178142205
"1181",0.93,2.63,-22.729452577185,3.48448134074769,3.0136054838899
"1182",0.94,2.63,-22.3123363016319,3.4852780059468,3.01429449162967
"1183",0.95,2.63,-21.8996340377409,3.48605820696548,3.01496926007825
"1184",0.96,2.63,-21.4912533429164,3.48682244886804,3.01563022604803
"1185",0.97,2.63,-21.0871046485301,3.48757121627365,3.0162778086691
"1186",0.98,2.63,-20.6871011420097,3.48830497438032,3.01691241027487
"1187",0.99,2.63,-20.291158654913,3.4890241699279,3.01753441723495
"1188",1,2.63,-19.8991955566265,3.48972923210449,3.01814420073902
"1189",0.92,2.65,-23.209149365259,3.48366768476924,3.01290178142205
"1190",0.93,2.65,-22.7875236371946,3.48448134074769,3.0136054838899
"1191",0.94,2.65,-22.3704073616414,3.4852780059468,3.01429449162967
"1192",0.95,2.65,-21.9577050977505,3.48605820696548,3.01496926007825
"1193",0.96,2.65,-21.549324402926,3.48682244886804,3.01563022604803
"1194",0.97,2.65,-21.1451757085396,3.48757121627365,3.0162778086691
"1195",0.98,2.65,-20.7451722020193,3.48830497438032,3.01691241027487
"1196",0.99,2.65,-20.3492297149226,3.4890241699279,3.01753441723495
"1197",1,2.65,-19.957266616636,3.48972923210449,3.01814420073902
"1198",0.92,2.67,-23.2672808674237,3.48366768476924,3.01290178142205
"1199",0.93,2.67,-22.8456551393593,3.48448134074769,3.0136054838899
"1200",0.94,2.67,-22.4285388638061,3.4852780059468,3.01429449162967
"1201",0.95,2.67,-22.0158365999152,3.48605820696548,3.01496926007825
"1202",0.96,2.67,-21.6074559050907,3.48682244886804,3.01563022604803
"1203",0.97,2.67,-21.2033072107044,3.48757121627365,3.0162778086691
"1204",0.98,2.67,-20.803303704184,3.48830497438032,3.01691241027487
"1205",0.99,2.67,-20.4073612170873,3.4890241699279,3.01753441723495
"1206",1,2.67,-20.0153981188007,3.48972923210449,3.01814420073902
"1207",0.92,2.69,-23.3254727884548,3.48366768476924,3.01290178142205
"1208",0.93,2.69,-22.9038470603903,3.48448134074769,3.0136054838899
"1209",0.94,2.69,-22.4867307848372,3.4852780059468,3.01429449162967
"1210",0.95,2.69,-22.0740285209462,3.48605820696548,3.01496926007825
"1211",0.96,2.69,-21.6656478261217,3.48682244886804,3.01563022604803
"1212",0.97,2.69,-21.2614991317354,3.48757121627365,3.0162778086691
"1213",0.98,2.69,-20.861495625215,3.48830497438032,3.01691241027487
"1214",0.99,2.69,-20.4655531381183,3.4890241699279,3.01753441723495
"1215",1,2.69,-20.0735900398318,3.48972923210449,3.01814420073902
"1216",0.92,2.71,-23.3837251112688,3.48366768476924,3.01290178142205
"1217",0.93,2.71,-22.9620993832044,3.48448134074769,3.0136054838899
"1218",0.94,2.71,-22.5449831076512,3.4852780059468,3.01429449162967
"1219",0.95,2.71,-22.1322808437603,3.48605820696548,3.01496926007825
"1220",0.96,2.71,-21.7239001489358,3.48682244886804,3.01563022604803
"1221",0.97,2.71,-21.3197514545494,3.48757121627365,3.0162778086691
"1222",0.98,2.71,-20.9197479480291,3.48830497438032,3.01691241027487
"1223",0.99,2.71,-20.5238054609324,3.4890241699279,3.01753441723495
"1224",1,2.71,-20.1318423626458,3.48972923210449,3.01814420073902
"1225",0.92,2.73,-23.4420378242384,3.48366768476924,3.01290178142205
"1226",0.93,2.73,-23.020412096174,3.48448134074769,3.0136054838899
"1227",0.94,2.73,-22.6032958206209,3.4852780059468,3.01429449162967
"1228",0.95,2.73,-22.1905935567299,3.48605820696548,3.01496926007825
"1229",0.96,2.73,-21.7822128619054,3.48682244886804,3.01563022604803
"1230",0.97,2.73,-21.3780641675191,3.48757121627365,3.0162778086691
"1231",0.98,2.73,-20.9780606609987,3.48830497438032,3.01691241027487
"1232",0.99,2.73,-20.582118173902,3.4890241699279,3.01753441723495
"1233",1,2.73,-20.1901550756154,3.48972923210449,3.01814420073902
"1234",0.92,2.75,-23.5004109204906,3.48366768476924,3.01290178142205
"1235",0.93,2.75,-23.0787851924262,3.48448134074769,3.0136054838899
"1236",0.94,2.75,-22.661668916873,3.4852780059468,3.01429449162967
"1237",0.95,2.75,-22.2489666529821,3.48605820696548,3.01496926007825
"1238",0.96,2.75,-21.8405859581575,3.48682244886804,3.01563022604803
"1239",0.97,2.75,-21.4364372637712,3.48757121627365,3.0162778086691
"1240",0.98,2.75,-21.0364337572508,3.48830497438032,3.01691241027487
"1241",0.99,2.75,-20.6404912701541,3.4890241699279,3.01753441723495
"1242",1,2.75,-20.2485281718676,3.48972923210449,3.01814420073902
"1243",0.92,2.77,-23.55884439725,3.48366768476924,3.01290178142205
"1244",0.93,2.77,-23.1372186691856,3.48448134074769,3.0136054838899
"1245",0.94,2.77,-22.7201023936324,3.4852780059468,3.01429449162967
"1246",0.95,2.77,-22.3074001297415,3.48605820696548,3.01496926007825
"1247",0.96,2.77,-21.899019434917,3.48682244886804,3.01563022604803
"1248",0.97,2.77,-21.4948707405306,3.48757121627365,3.0162778086691
"1249",0.98,2.77,-21.0948672340103,3.48830497438032,3.01691241027487
"1250",0.99,2.77,-20.6989247469136,3.4890241699279,3.01753441723495
"1251",1,2.77,-20.306961648627,3.48972923210449,3.01814420073902
"1252",0.92,2.79,-23.6173382552255,3.48366768476924,3.01290178142205
"1253",0.93,2.79,-23.1957125271611,3.48448134074769,3.0136054838899
"1254",0.94,2.79,-22.778596251608,3.4852780059468,3.01429449162967
"1255",0.95,2.79,-22.365893987717,3.48605820696548,3.01496926007825
"1256",0.96,2.79,-21.9575132928925,3.48682244886804,3.01563022604803
"1257",0.97,2.79,-21.5533645985062,3.48757121627365,3.0162778086691
"1258",0.98,2.79,-21.1533610919858,3.48830497438032,3.01691241027487
"1259",0.99,2.79,-20.7574186048891,3.4890241699279,3.01753441723495
"1260",1,2.79,-20.3654555066025,3.48972923210449,3.01814420073902
"1261",0.92,2.81,-23.6758924980367,3.48366768476924,3.01290178142205
"1262",0.93,2.81,-23.2542667699723,3.48448134074769,3.0136054838899
"1263",0.94,2.81,-22.8371504944191,3.4852780059468,3.01429449162967
"1264",0.95,2.81,-22.4244482305282,3.48605820696548,3.01496926007825
"1265",0.96,2.81,-22.0160675357036,3.48682244886804,3.01563022604803
"1266",0.97,2.81,-21.6119188413173,3.48757121627365,3.0162778086691
"1267",0.98,2.81,-21.211915334797,3.48830497438032,3.01691241027487
"1268",0.99,2.81,-20.8159728477002,3.4890241699279,3.01753441723495
"1269",1,2.81,-20.4240097494137,3.48972923210449,3.01814420073902
"1270",0.92,2.83,-23.734507131678,3.48366768476924,3.01290178142205
"1271",0.93,2.83,-23.3128814036136,3.48448134074769,3.0136054838899
"1272",0.94,2.83,-22.8957651280604,3.4852780059468,3.01429449162967
"1273",0.95,2.83,-22.4830628641695,3.48605820696548,3.01496926007825
"1274",0.96,2.83,-22.074682169345,3.48682244886804,3.01563022604803
"1275",0.97,2.83,-21.6705334749587,3.48757121627365,3.0162778086691
"1276",0.98,2.83,-21.2705299684383,3.48830497438032,3.01691241027487
"1277",0.99,2.83,-20.8745874813416,3.4890241699279,3.01753441723495
"1278",1,2.83,-20.482624383055,3.48972923210449,3.01814420073902
"1279",0.92,2.85,-23.7931821640197,3.48366768476924,3.01290178142205
"1280",0.93,2.85,-23.3715564359552,3.48448134074769,3.0136054838899
"1281",0.94,2.85,-22.9544401604021,3.4852780059468,3.01429449162967
"1282",0.95,2.85,-22.5417378965111,3.48605820696548,3.01496926007825
"1283",0.96,2.85,-22.1333572016866,3.48682244886804,3.01563022604803
"1284",0.97,2.85,-21.7292085073003,3.48757121627365,3.0162778086691
"1285",0.98,2.85,-21.3292050007799,3.48830497438032,3.01691241027487
"1286",0.99,2.85,-20.9332625136832,3.4890241699279,3.01753441723495
"1287",1,2.85,-20.5412994153967,3.48972923210449,3.01814420073902
"1288",0.92,2.87,-23.8519176043413,3.48366768476924,3.01290178142205
"1289",0.93,2.87,-23.4302918762769,3.48448134074769,3.0136054838899
"1290",0.94,2.87,-23.0131756007238,3.4852780059468,3.01429449162967
"1291",0.95,2.87,-22.6004733368328,3.48605820696548,3.01496926007825
"1292",0.96,2.87,-22.1920926420083,3.48682244886804,3.01563022604803
"1293",0.97,2.87,-21.787943947622,3.48757121627365,3.0162778086691
"1294",0.98,2.87,-21.3879404411016,3.48830497438032,3.01691241027487
"1295",0.99,2.87,-20.9919979540049,3.4890241699279,3.01753441723495
"1296",1,2.87,-20.6000348557184,3.48972923210449,3.01814420073902
"1297",0.92,2.89,-23.9107134628987,3.48366768476924,3.01290178142205
"1298",0.93,2.89,-23.4890877348343,3.48448134074769,3.0136054838899
"1299",0.94,2.89,-23.0719714592811,3.4852780059468,3.01429449162967
"1300",0.95,2.89,-22.6592691953902,3.48605820696548,3.01496926007825
"1301",0.96,2.89,-22.2508885005657,3.48682244886804,3.01563022604803
"1302",0.97,2.89,-21.8467398061794,3.48757121627365,3.0162778086691
"1303",0.98,2.89,-21.446736299659,3.48830497438032,3.01691241027487
"1304",0.99,2.89,-21.0507938125623,3.4890241699279,3.01753441723495
"1305",1,2.89,-20.6588307142757,3.48972923210449,3.01814420073902
"1306",0.92,2.91,-23.9695697505195,3.48366768476924,3.01290178142205
"1307",0.93,2.91,-23.5479440224551,3.48448134074769,3.0136054838899
"1308",0.94,2.91,-23.1308277469019,3.4852780059468,3.01429449162967
"1309",0.95,2.91,-22.7181254830109,3.48605820696548,3.01496926007825
"1310",0.96,2.91,-22.3097447881864,3.48682244886804,3.01563022604803
"1311",0.97,2.91,-21.9055960938001,3.48757121627365,3.0162778086691
"1312",0.98,2.91,-21.5055925872797,3.48830497438032,3.01691241027487
"1313",0.99,2.91,-21.109650100183,3.4890241699279,3.01753441723495
"1314",1,2.91,-20.7176870018965,3.48972923210449,3.01814420073902
"1315",0.92,2.93,-24.028486478228,3.48366768476924,3.01290178142205
"1316",0.93,2.93,-23.6068607501636,3.48448134074769,3.0136054838899
"1317",0.94,2.93,-23.1897444746105,3.4852780059468,3.01429449162967
"1318",0.95,2.93,-22.7770422107195,3.48605820696548,3.01496926007825
"1319",0.96,2.93,-22.368661515895,3.48682244886804,3.01563022604803
"1320",0.97,2.93,-21.9645128215087,3.48757121627365,3.0162778086691
"1321",0.98,2.93,-21.5645093149883,3.48830497438032,3.01691241027487
"1322",0.99,2.93,-21.1685668278916,3.4890241699279,3.01753441723495
"1323",1,2.93,-20.7766037296051,3.48972923210449,3.01814420073902
"1324",0.92,2.95,-24.0874636568972,3.48366768476924,3.01290178142205
"1325",0.93,2.95,-23.6658379288328,3.48448134074769,3.0136054838899
"1326",0.94,2.95,-23.2487216532796,3.4852780059468,3.01429449162967
"1327",0.95,2.95,-22.8360193893887,3.48605820696548,3.01496926007825
"1328",0.96,2.95,-22.4276386945642,3.48682244886804,3.01563022604803
"1329",0.97,2.95,-22.0234900001779,3.48757121627365,3.0162778086691
"1330",0.98,2.95,-21.6234864936575,3.48830497438032,3.01691241027487
"1331",0.99,2.95,-21.2275440065608,3.4890241699279,3.01753441723495
"1332",1,2.95,-20.8355809082742,3.48972923210449,3.01814420073902
"1333",0.92,2.97,-24.1465012969248,3.48366768476924,3.01290178142205
"1334",0.93,2.97,-23.7248755688604,3.48448134074769,3.0136054838899
"1335",0.94,2.97,-23.3077592933072,3.4852780059468,3.01429449162967
"1336",0.95,2.97,-22.8950570294163,3.48605820696548,3.01496926007825
"1337",0.96,2.97,-22.4866763345918,3.48682244886804,3.01563022604803
"1338",0.97,2.97,-22.0825276402055,3.48757121627365,3.0162778086691
"1339",0.98,2.97,-21.6825241336851,3.48830497438032,3.01691241027487
"1340",0.99,2.97,-21.2865816465884,3.4890241699279,3.01753441723495
"1341",1,2.97,-20.8946185483018,3.48972923210449,3.01814420073902
"1342",0.92,2.99,-24.2055994079345,3.48366768476924,3.01290178142205
"1343",0.93,2.99,-23.7839736798701,3.48448134074769,3.0136054838899
"1344",0.94,2.99,-23.366857404317,3.4852780059468,3.01429449162967
"1345",0.95,2.99,-22.954155140426,3.48605820696548,3.01496926007825
"1346",0.96,2.99,-22.5457744456015,3.48682244886804,3.01563022604803
"1347",0.97,2.99,-22.1416257512152,3.48757121627365,3.0162778086691
"1348",0.98,2.99,-21.7416222446948,3.48830497438032,3.01691241027487
"1349",0.99,2.99,-21.3456797575981,3.4890241699279,3.01753441723495
"1350",1,2.99,-20.9537166593115,3.48972923210449,3.01814420073902
"1351",0.92,3.01,-24.2647579984989,3.48366768476924,3.01290178142205
"1352",0.93,3.01,-23.8431322704345,3.48448134074769,3.0136054838899
"1353",0.94,3.01,-23.4260159948813,3.4852780059468,3.01429449162967
"1354",0.95,3.01,-23.0133137309904,3.48605820696548,3.01496926007825
"1355",0.96,3.01,-22.6049330361659,3.48682244886804,3.01563022604803
"1356",0.97,3.01,-22.2007843417796,3.48757121627365,3.0162778086691
"1357",0.98,3.01,-21.8007808352592,3.48830497438032,3.01691241027487
"1358",0.99,3.01,-21.4048383481625,3.4890241699279,3.01753441723495
"1359",1,3.01,-21.0128752498759,3.48972923210449,3.01814420073902
